qSpecies_string,resolved_to,rule,authority,note
Platanus x acerifolia - London planetree,Platanus acerifolia,R1 hybrid sign,"ICN (Shenzhen Code) Art. H.3A.1, Art. 23.1","the multiplication sign is notation, not part of the epithet"
Gleditsia triacanthos var. inermis - Thornless honeylocust,Gleditsia triacanthos,R2/R3 rank within species,ICN Art. 4 (infraspecific); ICNCP 9th ed. Art. 2.1 (cultivar),a variety/form/cultivar is a member of its species
Quercus palustris - pin oak,Quercus palustris,R0 exact,-,already a corpus name
Pyrus calleryana - Callery pear,Pyrus calleryana,R0 exact,-,already a corpus name
Zelkova serrata - Japanese zelkova,Zelkova serrata,R0 exact,-,already a corpus name
Tilia cordata - littleleaf linden,Tilia cordata,R0 exact,-,already a corpus name
Acer platanoides - Norway maple,Acer platanoides,R0 exact,-,already a corpus name
Prunus serrulata 'Green leaf' - 'Green leaf' Japanese flowering cherry,Prunus serrulata,R2/R3 rank within species,ICN Art. 4 (infraspecific); ICNCP 9th ed. Art. 2.1 (cultivar),a variety/form/cultivar is a member of its species
Ginkgo biloba - maidenhair tree,Ginkgo biloba,R0 exact,-,already a corpus name
Acer rubrum - red maple,Acer rubrum,R0 exact,-,already a corpus name
Styphnolobium japonicum - Japanese pagoda tree,Styphnolobium japonicum,R0 exact,-,already a corpus name
Liquidambar styraciflua - sweetgum,Liquidambar styraciflua,R0 exact,-,already a corpus name
Quercus rubra - northern red oak,Quercus rubra,R0 exact,-,already a corpus name
Fraxinus pennsylvanica - Green ash,,unmapped (accepted),ITIS TSN 32929,accepted taxon absent from the corpus; the build mints it
Quercus bicolor - swamp white oak,,unmapped (accepted),ITIS TSN 19300,accepted taxon absent from the corpus; the build mints it
Tilia americana - American basswood,Tilia americana,R0 exact,-,already a corpus name
Ulmus americana - American elm,Ulmus americana,R0 exact,-,already a corpus name
Acer saccharinum - silver maple,Acer saccharinum,R0 exact,-,already a corpus name
Celtis occidentalis - common hackberry,Celtis occidentalis,R0 exact,-,already a corpus name
Cercis canadensis - eastern redbud,Cercis canadensis,R0 exact,-,already a corpus name
Tilia tomentosa - silver linden,Tilia tomentosa,R0 exact,-,already a corpus name
Morus - mulberry,Morus,R0 exact,-,already a corpus name
Gymnocladus dioicus - Kentucky coffeetree,,unmapped (accepted),ITIS TSN 502851,accepted taxon absent from the corpus; the build mints it
Malus - apple,Malus,R0 exact,-,already a corpus name
Prunus - Cherry,Prunus,R0 exact,-,already a corpus name
Prunus cerasifera - cherry plum,Prunus cerasifera,R0 exact,-,already a corpus name
Prunus serotina - black cherry,,unmapped (accepted),ITIS TSN 24764,accepted taxon absent from the corpus; the build mints it
Koelreuteria paniculata - goldenrain tree,Koelreuteria paniculata,R0 exact,-,already a corpus name
Syringa reticulata - Japanese tree lilac,Syringa reticulata,R0 exact,-,already a corpus name
Quercus phellos - willow oak,,unmapped (accepted),ITIS TSN 19282,accepted taxon absent from the corpus; the build mints it
Robinia pseudoacacia - black locust,Robinia pseudoacacia,R0 exact,-,already a corpus name
Crataegus - Hawthorn,,unmapped (accepted),ITIS TSN 24539,accepted taxon absent from the corpus; the build mints it
Carpinus betulus - European hornbeam,Carpinus betulus,R0 exact,-,already a corpus name
Metasequoia glyptostroboides - dawn redwood,Metasequoia glyptostroboides,R0 exact,-,already a corpus name
Unknown - Unknown,,non-taxon,RULINGS R18,"a tree of unknown species is a tree, not a species"
Acer - maple,Acer,R0 exact,-,already a corpus name
Maackia amurensis - Amur maackia,Maackia amurensis,R0 exact,-,already a corpus name
Ulmus parvifolia - Chinese elm,Ulmus parvifolia,R0 exact,-,already a corpus name
Zelkova serrata 'Green Vase' - 'Green Vase' Zelkova,Zelkova serrata 'Green Vase',R0 exact,-,already a corpus name
Acer platanoides 'Not Green Leaf' - 'Not Green Leaf' Norway maple,Acer platanoides,R2/R3 rank within species,ICN Art. 4 (infraspecific); ICNCP 9th ed. Art. 2.1 (cultivar),a variety/form/cultivar is a member of its species
Quercus acutissima - sawtooth oak,,unmapped (accepted),ITIS TSN 195162,accepted taxon absent from the corpus; the build mints it
Gleditsia triacanthos var. inermis 'Skyline' - 'Skyline' Thornless honeylocust,Gleditsia triacanthos,R2/R3 rank within species,ICN Art. 4 (infraspecific); ICNCP 9th ed. Art. 2.1 (cultivar),a variety/form/cultivar is a member of its species
Pinus strobus - eastern white pine,Pinus strobus,R0 exact,-,already a corpus name
Ulmus pumila - Siberian elm,Ulmus pumila,R0 exact,-,already a corpus name
Prunus serrulata 'Not Green leaf' - 'Not Green leaf' Japanese flowering cherry,Prunus serrulata,R2/R3 rank within species,ICN Art. 4 (infraspecific); ICNCP 9th ed. Art. 2.1 (cultivar),a variety/form/cultivar is a member of its species
Quercus alba - white oak,Quercus alba,R0 exact,-,already a corpus name
Juniperus virginiana - eastern redcedar,,unmapped (accepted),ITIS TSN 18048,accepted taxon absent from the corpus; the build mints it
Acer campestre - hedge maple,Acer campestre,R0 exact,-,already a corpus name
Quercus - Oak,Quercus,R0 exact,-,already a corpus name
Carpinus caroliniana - American hornbeam,,unmapped (accepted),ITIS TSN 19504,accepted taxon absent from the corpus; the build mints it
Quercus coccinea - scarlet oak,Quercus coccinea,R0 exact,-,already a corpus name
Quercus imbricaria - shingle oak,,unmapped (accepted),ITIS TSN 19359,accepted taxon absent from the corpus; the build mints it
Ailanthus altissima - tree of heaven,Ailanthus altissima,R0 exact,-,already a corpus name
Ulmus americana 'Princeton' - 'Princeton' American elm,Ulmus americana,R2/R3 rank within species,ICN Art. 4 (infraspecific); ICNCP 9th ed. Art. 2.1 (cultivar),a variety/form/cultivar is a member of its species
Eucommia ulmoides - Hardy Rubber Tree,,unmapped (accepted),ITIS TSN 896364,accepted taxon absent from the corpus; the build mints it
Prunus serrulata 'Kwanzan' - 'Kwanzan' Flowering cherry,Prunus serrulata 'Kwanzan',R0 exact,-,already a corpus name
Taxodium distichum - bald cypress,,unmapped (accepted),ITIS TSN 18041,accepted taxon absent from the corpus; the build mints it
Acer pseudoplatanus - sycamore maple,Acer pseudoplatanus,R0 exact,-,already a corpus name
Amelanchier - serviceberry,,unmapped (accepted),ITIS TSN 25108,accepted taxon absent from the corpus; the build mints it
Quercus macrocarpa - bur oak,Quercus macrocarpa,R0 exact,-,already a corpus name
Cornus florida - flowering dogwood,Cornus florida,R0 exact,-,already a corpus name
Fraxinus americana - white ash,Fraxinus americana,R0 exact,-,already a corpus name
Tilia tomentosa 'Sterling' - 'Sterling' Silver linden,Tilia tomentosa,R2/R3 rank within species,ICN Art. 4 (infraspecific); ICNCP 9th ed. Art. 2.1 (cultivar),a variety/form/cultivar is a member of its species
Liriodendron tulipifera - tuliptree,Liriodendron tulipifera,R0 exact,-,already a corpus name
Tilia americana 'Redmond' - 'Redmond' American linden,Tilia americana 'Redmond',R0 exact,-,already a corpus name
Acer saccharum - sugar maple,Acer saccharum,R0 exact,-,already a corpus name
Quercus shumardii - Shumard's oak,Quercus shumardii,R0 exact,-,already a corpus name
Cladrastis kentukea - Kentucky yellowwood,,unmapped (accepted),ITIS TSN 26539,accepted taxon absent from the corpus; the build mints it
Fraxinus - Ash,Fraxinus,R0 exact,-,already a corpus name
Platanus x acerifolia 'Bloodgood' - 'Bloodgood' London planetree,Platanus acerifolia 'Bloodgood',R1 hybrid sign,"ICN (Shenzhen Code) Art. H.3A.1, Art. 23.1","the multiplication sign is notation, not part of the epithet"
Betula nigra - river birch,Betula nigra,R0 exact,-,already a corpus name
Quercus robur - English oak,Quercus robur,R0 exact,-,already a corpus name
Pinus - pine,Pinus,R0 exact,-,already a corpus name
Quercus ellipsoidalis - northern pin oak,,unmapped (accepted),ITIS TSN 19327,accepted taxon absent from the corpus; the build mints it
Quercus velutina - black oak,,unmapped (accepted),ITIS TSN 19447,accepted taxon absent from the corpus; the build mints it
Acer ginnala - Amur maple,Acer ginnala,R0 exact,-,already a corpus name
Gymnocladus dioicus 'Espresso' - 'Espresso' Kentucky coffee tree,,unmapped (not_found),ITIS: no exact match,"cultivar, not indexed by ITIS"
Platanus x acerfolia 'Exclamation' - 'Exclamation' London planetree,Platanus acerifolia,R4 spelling correction,this dataset's own spelling frequency,"edit-distance-1 of 'Platanus x acerifolia', which occurs 97,449 times in the same 2026-08-14 extract against this spelling's 1,715"
Ostrya virginiana - hophornbeam,,unmapped (accepted),ITIS TSN 19511,accepted taxon absent from the corpus; the build mints it
Syringa reticulata 'Ivory Silk' - 'Ivory Silk' Japanese tree lilac,Syringa reticulata,R2/R3 rank within species,ICN Art. 4 (infraspecific); ICNCP 9th ed. Art. 2.1 (cultivar),a variety/form/cultivar is a member of its species
Betula nigra 'Heritage' - 'Heritage' River birch,Betula nigra,R2/R3 rank within species,ICN Art. 4 (infraspecific); ICNCP 9th ed. Art. 2.1 (cultivar),a variety/form/cultivar is a member of its species
Acer palmatum - Japanese maple,Acer palmatum,R0 exact,-,already a corpus name
Platanus occidentalis - American sycamore,Platanus occidentalis,R0 exact,-,already a corpus name
Tilia cordata 'Greenspire' - 'Greenspire' Littleleaf linden,Tilia cordata 'Greenspire',R0 exact,-,already a corpus name
Cornus mas - Cornelian cherry,,unmapped (accepted),ITIS TSN 565094,accepted taxon absent from the corpus; the build mints it
Tilia x. europaea - Common linden,,unmapped (not_found),ITIS: no exact match,"cultivar, not indexed by ITIS"
Populus deltoides - eastern cottonwood,Populus deltoides,R0 exact,-,already a corpus name
Prunus x yedoensis - Yoshino cherry,Prunus x yedoensis,R0 exact,-,already a corpus name
Magnolia - magnolia,Magnolia,R0 exact,-,already a corpus name
Pinus resinosa - red pine,,unmapped (accepted),ITIS TSN 183375,accepted taxon absent from the corpus; the build mints it
Aesculus hippocastanum - horse chestnut,Aesculus hippocastanum,R0 exact,-,already a corpus name
Cornus kousa - kousa dogwood,,unmapped (accepted),ITIS TSN 507498,accepted taxon absent from the corpus; the build mints it
Nyssa sylvatica - blackgum,Nyssa sylvatica,R0 exact,-,already a corpus name
Thuja occidentalis - arborvitae,,unmapped (accepted),ITIS TSN 505490,accepted taxon absent from the corpus; the build mints it
Zelkova serrata 'Village Green' - 'Village Green' Zelkova,Zelkova serrata 'Village Green',R0 exact,-,already a corpus name
Quercus muehlenbergii - chinkapin oak,,unmapped (accepted),ITIS TSN 504714,accepted taxon absent from the corpus; the build mints it
Liquidambar styraciflua 'Moraine' - 'Moraine' Sweetgum,Liquidambar styraciflua,R2/R3 rank within species,ICN Art. 4 (infraspecific); ICNCP 9th ed. Art. 2.1 (cultivar),a variety/form/cultivar is a member of its species
Prunus serrulata - Japanese flowering cherry,Prunus serrulata,R0 exact,-,already a corpus name
Gleditsia triacanthos - Honeylocust,Gleditsia triacanthos,R0 exact,-,already a corpus name
Acer x freemanii 'Autumn Blaze' - 'Autumn Blaze' Freeman maple,Acer x freemanii 'Autumn Blaze',R0 exact,-,already a corpus name
Cercidiphyllum japonicum - katsura tree,Cercidiphyllum japonicum,R0 exact,-,already a corpus name
Lagerstroemia - lagerstroemia,,unmapped (accepted),ITIS TSN 27109,accepted taxon absent from the corpus; the build mints it
Acer rubrum 'Redpointe' - 'Redpointe' Red maple,Acer rubrum,R2/R3 rank within species,ICN Art. 4 (infraspecific); ICNCP 9th ed. Art. 2.1 (cultivar),a variety/form/cultivar is a member of its species
Fagus grandifolia - American beech,,unmapped (accepted),ITIS TSN 19462,accepted taxon absent from the corpus; the build mints it
Prunus subhirtella 'Autumnalis' - 'Autumnalis' Higan cherry,Prunus subhirtella 'autumnalis',R0 exact,-,already a corpus name
Acer rubrum 'October Glory' - 'October Glory' Red maple,Acer rubrum 'October Glory',R0 exact,-,already a corpus name
Amelanchier 'Autumn Brilliance' - 'Autumn Brilliance' Serviceberry,,unmapped (not_found),ITIS: no exact match,"cultivar, not indexed by ITIS"
Parrotia persica - Persian ironwood,Parrotia persica,R0 exact,-,already a corpus name
Zelkova serrata 'Mushashino' - 'Mushashino' Zelkova,Zelkova serrata,R2/R3 rank within species,ICN Art. 4 (infraspecific); ICNCP 9th ed. Art. 2.1 (cultivar),a variety/form/cultivar is a member of its species
Acer rubrum 'Red Sunset' - 'Red Sunset' Red maple,Acer rubrum,R2/R3 rank within species,ICN Art. 4 (infraspecific); ICNCP 9th ed. Art. 2.1 (cultivar),a variety/form/cultivar is a member of its species
Ilex - holly,Ilex,R0 exact,-,already a corpus name
Carpinus betulus 'Fastigiata' - 'Fastigiata' European hornbeam,Carpinus betulus 'Fastigiata',R0 exact,-,already a corpus name
Ginkgo biloba 'Magyar' - 'Magyar' Ginkgo,Ginkgo biloba,R2/R3 rank within species,ICN Art. 4 (infraspecific); ICNCP 9th ed. Art. 2.1 (cultivar),a variety/form/cultivar is a member of its species
Styphnolobium japonicum 'Millstone' - 'Millstone' Japanese pagodatree,Styphnolobium japonicum,R2/R3 rank within species,ICN Art. 4 (infraspecific); ICNCP 9th ed. Art. 2.1 (cultivar),a variety/form/cultivar is a member of its species
Platanus x acerifolia 'Columbia' - 'Columbia' London planetree,Platanus x acerifolia 'Columbia',R0 exact,-,already a corpus name
Tilia americana 'Boulevard' - 'Boulevard' American linden,Tilia americana,R2/R3 rank within species,ICN Art. 4 (infraspecific); ICNCP 9th ed. Art. 2.1 (cultivar),a variety/form/cultivar is a member of its species
Catalpa - catalpa,,unmapped (accepted),ITIS TSN 34312,accepted taxon absent from the corpus; the build mints it
Syringa pekinensis 'Summer Charm' - 'Summer Charm' Peking lilac,,unmapped (not_found),ITIS: no exact match,"cultivar, not indexed by ITIS"
Acer griseum - paperbark maple,,unmapped (accepted),ITIS TSN 837860,accepted taxon absent from the corpus; the build mints it
Tilia mongolica 'Harvest Gold' - 'Harvest Gold' Mongolian linden,,unmapped (not_found),ITIS: no exact match,"cultivar, not indexed by ITIS"
Syringa pekinensis - Peking tree lilac,,unmapped (accepted),ITIS TSN 565840,accepted taxon absent from the corpus; the build mints it
Taxodium distichum 'Shawnee Brave' - 'Shawnee Brave' Bald cypress,,unmapped (not_found),ITIS: no exact match,"cultivar, not indexed by ITIS"
Picea - spruce,Picea,R0 exact,-,already a corpus name
Acer negundo - boxelder,Acer negundo,R0 exact,-,already a corpus name
Tilia americana 'McSentry' - 'McSentry' American linden,Tilia americana,R2/R3 rank within species,ICN Art. 4 (infraspecific); ICNCP 9th ed. Art. 2.1 (cultivar),a variety/form/cultivar is a member of its species
Gleditsia triacanthos var. inermis 'Imperial' - 'Imperial' Thornless honeylocust,Gleditsia triacanthos,R2/R3 rank within species,ICN Art. 4 (infraspecific); ICNCP 9th ed. Art. 2.1 (cultivar),a variety/form/cultivar is a member of its species
Crataegus crus-galli var. inermis - Cockspur hawthorn,,unmapped (not_found),ITIS: no exact match,"cultivar, not indexed by ITIS"
Prunus 'Snow Goose' - 'Snow Goose' Cherry,Prunus,R2/R3 rank within species,ICN Art. 4 (infraspecific); ICNCP 9th ed. Art. 2.1 (cultivar),a variety/form/cultivar is a member of its species
Ulmus 'Frontier' - 'Frontier' Elm,Ulmus 'Frontier',R0 exact,-,already a corpus name
Acer miyabei 'State Street' -  'State Street' Miyabe maple,,unmapped (not_found),ITIS: no exact match,"cultivar, not indexed by ITIS"
Sassafras albidum - sassafras,,unmapped (accepted),ITIS TSN 18158,accepted taxon absent from the corpus; the build mints it
Chamaecyparis thyoides - Atlantic white cedar,,unmapped (accepted),ITIS TSN 18046,accepted taxon absent from the corpus; the build mints it
Acer x freemanii - Freeman maple,Acer x freemanii,R0 exact,-,already a corpus name
Zelkova serrata 'Wireless' - 'Wireless' Zelkova,Zelkova serrata,R2/R3 rank within species,ICN Art. 4 (infraspecific); ICNCP 9th ed. Art. 2.1 (cultivar),a variety/form/cultivar is a member of its species
Amelanchier canadensis - Canadian serviceberry,,unmapped (accepted),ITIS TSN 25112,accepted taxon absent from the corpus; the build mints it
Prunus x yedoensis 'Akebono' - 'Akebono' Yoshino cherry,Prunus x yedoensis 'Akebono',R0 exact,-,already a corpus name
Zelkova serrata 'City Sprite' - 'City Sprite' Zelkova,Zelkova serrata,R2/R3 rank within species,ICN Art. 4 (infraspecific); ICNCP 9th ed. Art. 2.1 (cultivar),a variety/form/cultivar is a member of its species
Chionanthus retusus - Chinese fringetree,Chionanthus retusus,R0 exact,-,already a corpus name
Prunus virginiana 'Canada Red' - 'Canada Red' Chokecherry,,unmapped (not_found),ITIS: no exact match,"cultivar, not indexed by ITIS"
Acer platanoides 'Crimson King' - 'Crimson King' Norway maple,Acer platanoides 'Crimson King',R0 exact,-,already a corpus name
Fagus sylvatica - European beech,Fagus sylvatica,R0 exact,-,already a corpus name
Carpinus betulus 'Emerald Avenue' - 'Emerald Avenue' European hornbeam,Carpinus betulus,R2/R3 rank within species,ICN Art. 4 (infraspecific); ICNCP 9th ed. Art. 2.1 (cultivar),a variety/form/cultivar is a member of its species
Juglans nigra - black walnut,Juglans nigra,R0 exact,-,already a corpus name
Picea abies - Norway spruce,,unmapped (accepted),ITIS TSN 183289,accepted taxon absent from the corpus; the build mints it
Ginkgo biloba 'Autumn Gold' - 'Autumn Gold' Ginkgo,Ginkgo biloba 'Autumn Gold',R0 exact,-,already a corpus name
Juniperus chinensis - Chinese juniper,Juniperus chinensis,R0 exact,-,already a corpus name
Catalpa speciosa - northern catalpa,Catalpa speciosa,R0 exact,-,already a corpus name
Malus 'Royal Raindrops' - 'Royal Raindrops' Crabapple,Malus,R2/R3 rank within species,ICN Art. 4 (infraspecific); ICNCP 9th ed. Art. 2.1 (cultivar),a variety/form/cultivar is a member of its species
Malus 'Spring Snow' - 'Spring Snow' Crabapple,Malus,R2/R3 rank within species,ICN Art. 4 (infraspecific); ICNCP 9th ed. Art. 2.1 (cultivar),a variety/form/cultivar is a member of its species
Prunus virginiana - chokecherry,,unmapped (accepted),ITIS TSN 24806,accepted taxon absent from the corpus; the build mints it
Styrax japonicus - Japanese snowbell,Styrax japonicus,R0 exact,-,already a corpus name
Amelanchier laevis - Allegheny serviceberry,,unmapped (accepted),ITIS TSN 182046,accepted taxon absent from the corpus; the build mints it
Prunus sargentii - Sargent cherry,Prunus sargentii,R0 exact,-,already a corpus name
Ulmus parvifolia 'Allee' - 'Allee' Chinese elm,Ulmus parvifolia,R2/R3 rank within species,ICN Art. 4 (infraspecific); ICNCP 9th ed. Art. 2.1 (cultivar),a variety/form/cultivar is a member of its species
Ulmus 'Patriot' - 'Patriot' Elm,Ulmus,R2/R3 rank within species,ICN Art. 4 (infraspecific); ICNCP 9th ed. Art. 2.1 (cultivar),a variety/form/cultivar is a member of its species
Betula papyrifera - paper birch,Betula papyrifera,R0 exact,-,already a corpus name
Corylus colurna - Turkish hazelnut,Corylus colurna,R0 exact,-,already a corpus name
Picea pungens - blue spruce,Picea pungens,R0 exact,-,already a corpus name
Gleditsia triacanthos var. inermis 'Streetkeeper' - 'Streetkeeper' Thornless honeylocust,Gleditsia triacanthos,R2/R3 rank within species,ICN Art. 4 (infraspecific); ICNCP 9th ed. Art. 2.1 (cultivar),a variety/form/cultivar is a member of its species
Carya glabra - pignut hickory,,unmapped (accepted),ITIS TSN 19231,accepted taxon absent from the corpus; the build mints it
Quercus x macdanielii 'Clemons' - Heritage Oak,,unmapped (not_found),ITIS: no exact match,"cultivar, not indexed by ITIS"
Styphnolobium japonicum 'Regent' - 'Regent' Japanese pagodatree,Styphnolobium japonicum,R2/R3 rank within species,ICN Art. 4 (infraspecific); ICNCP 9th ed. Art. 2.1 (cultivar),a variety/form/cultivar is a member of its species
Ulmus 'Homestead' - 'Homestead' Elm,Ulmus,R2/R3 rank within species,ICN Art. 4 (infraspecific); ICNCP 9th ed. Art. 2.1 (cultivar),a variety/form/cultivar is a member of its species
Prunus 'Mt Fuji' - 'Mt Fuji' Cherry,Prunus,R2/R3 rank within species,ICN Art. 4 (infraspecific); ICNCP 9th ed. Art. 2.1 (cultivar),a variety/form/cultivar is a member of its species
Cedrus atlantica - Atlas cedar,Cedrus atlantica,R0 exact,-,already a corpus name
Phellodendron amurense - Amur corktree,,unmapped (accepted),ITIS TSN 504297,accepted taxon absent from the corpus; the build mints it
Tilia x. euchlora - Caucasian linden,,unmapped (not_found),ITIS: no exact match,"cultivar, not indexed by ITIS"
Salix babylonica - Weeping willow,Salix babylonica,R0 exact,-,already a corpus name
Prunus 'Okame' - 'Okame' Cherry,Prunus,R2/R3 rank within species,ICN Art. 4 (infraspecific); ICNCP 9th ed. Art. 2.1 (cultivar),a variety/form/cultivar is a member of its species
Fraxinus profunda - Pumpkin ash,,unmapped (accepted),ITIS TSN 32934,accepted taxon absent from the corpus; the build mints it
Ilex opaca - American holly,Ilex opaca,R0 exact,-,already a corpus name
Acer rubrum 'Frank Jr.' -  'Frank Jr.' red maple,Acer rubrum,R2/R3 rank within species,ICN Art. 4 (infraspecific); ICNCP 9th ed. Art. 2.1 (cultivar),a variety/form/cultivar is a member of its species
Ulmus 'Triumph' - 'Triumph' Elm,Ulmus,R2/R3 rank within species,ICN Art. 4 (infraspecific); ICNCP 9th ed. Art. 2.1 (cultivar),a variety/form/cultivar is a member of its species
Acer ginnala 'Flame' - 'Flame' Amur maple,Acer ginnala,R2/R3 rank within species,ICN Art. 4 (infraspecific); ICNCP 9th ed. Art. 2.1 (cultivar),a variety/form/cultivar is a member of its species
Malus floribunda - Japanese flowering crabapple,Malus floribunda,R0 exact,-,already a corpus name
Taxus baccata - English yew,Taxus baccata,R0 exact,-,already a corpus name
Quercus lyrata - overcup oak,,unmapped (accepted),ITIS TSN 19278,accepted taxon absent from the corpus; the build mints it
Parrotia persica 'Ruby Vase' - 'Ruby Vase' Persian ironwood,Parrotia persica,R2/R3 rank within species,ICN Art. 4 (infraspecific); ICNCP 9th ed. Art. 2.1 (cultivar),a variety/form/cultivar is a member of its species
Cryptomeria japonica - Japanese cedar,Cryptomeria japonica,R0 exact,-,already a corpus name
Prunus padus 'Merlot' - 'Merlot' European bird cherry,,unmapped (not_found),ITIS: no exact match,"cultivar, not indexed by ITIS"
Styrax japonicus 'Snowcone' - 'Snowcone' Japanese snowbell,Styrax japonicus,R2/R3 rank within species,ICN Art. 4 (infraspecific); ICNCP 9th ed. Art. 2.1 (cultivar),a variety/form/cultivar is a member of its species
Crataegus viridis 'Winter King' - 'Winter King' Green hawthorn,,unmapped (not_found),ITIS: no exact match,"cultivar, not indexed by ITIS"
Ulmus propinqua 'Emerald Sunshine' - 'Emerald Sunshine' Elm,Ulmus propinqua 'Emerald Sunshine',R0 exact,-,already a corpus name
Acer tataricum 'Hot Wings' - 'Hot Wings' Tatarian maple,,unmapped (not_found),ITIS: no exact match,"cultivar, not indexed by ITIS"
Carya cordiformis - bitternut hickory,,unmapped (accepted),ITIS TSN 19227,accepted taxon absent from the corpus; the build mints it
Aesculus x carnea - red horse-chestnut,Aesculus x carnea,R0 exact,-,already a corpus name
Pseudotsuga menziesii - Douglas-fir,Pseudotsuga menziesii,R0 exact,-,already a corpus name
Pinus nigra - Austrian pine,,unmapped (accepted),ITIS TSN 183364,accepted taxon absent from the corpus; the build mints it
Syringa pekinensis 'Bejing Gold' - 'Bejing Gold' Peking lilac,,unmapped (not_found),ITIS: no exact match,"cultivar, not indexed by ITIS"
Nyssa sylvatica 'Wildfire' - 'Wildfire' Black gum,Nyssa sylvatica,R2/R3 rank within species,ICN Art. 4 (infraspecific); ICNCP 9th ed. Art. 2.1 (cultivar),a variety/form/cultivar is a member of its species
Malus 'Velvet Pillar' - 'Velvet Pillar' flowering crabapple,Malus,R2/R3 rank within species,ICN Art. 4 (infraspecific); ICNCP 9th ed. Art. 2.1 (cultivar),a variety/form/cultivar is a member of its species
Malus 'Sugartyme' - 'Sugartyme' Crabapple,Malus,R2/R3 rank within species,ICN Art. 4 (infraspecific); ICNCP 9th ed. Art. 2.1 (cultivar),a variety/form/cultivar is a member of its species
Tsuga canadensis - eastern hemlock,,unmapped (accepted),ITIS TSN 183397,accepted taxon absent from the corpus; the build mints it
Paulownia tomentosa - princesstree,Paulownia tomentosa,R0 exact,-,already a corpus name
Acer truncatum - Shantung maple,,unmapped (not_found),ITIS: no exact match,"cultivar, not indexed by ITIS"
Lagerstroemia indica - Crape Myrtle,Lagerstroemia indica,R0 exact,-,already a corpus name
Hamamelis virginiana - American witchhazel,,unmapped (accepted),ITIS TSN 19033,accepted taxon absent from the corpus; the build mints it
Acer buergerianum - trident maple,Acer buergerianum,R0 exact,-,already a corpus name
Populus - Poplar,Populus,R0 exact,-,already a corpus name
Malus 'Red Jewel' - 'Red Jewel' Crabapple,Malus,R2/R3 rank within species,ICN Art. 4 (infraspecific); ICNCP 9th ed. Art. 2.1 (cultivar),a variety/form/cultivar is a member of its species
Carpinus japonica - Japanese hornbeam,,unmapped (not_found),ITIS: no exact match,"cultivar, not indexed by ITIS"
Gleditsia triacanthos var. inermis 'Halka' - 'Halka' Thornless honeylocust,Gleditsia triacanthos,R2/R3 rank within species,ICN Art. 4 (infraspecific); ICNCP 9th ed. Art. 2.1 (cultivar),a variety/form/cultivar is a member of its species
Tilia x flavescens 'Glenleven' - Glenleven Linden,,unmapped (not_found),ITIS: no exact match,"cultivar, not indexed by ITIS"
Populus tremuloides - quaking aspen,Populus tremuloides,R0 exact,-,already a corpus name
Salix spp. - Willow,,unmapped (not_found),ITIS: no exact match,"cultivar, not indexed by ITIS"
Acer rubrum 'Brandywine' - 'Brandywine' Red maple,Acer rubrum,R2/R3 rank within species,ICN Art. 4 (infraspecific); ICNCP 9th ed. Art. 2.1 (cultivar),a variety/form/cultivar is a member of its species
Quercus 'Regal Prince' - 'Regal Prince' Oak,Quercus,R2/R3 rank within species,ICN Art. 4 (infraspecific); ICNCP 9th ed. Art. 2.1 (cultivar),a variety/form/cultivar is a member of its species
Cornus alternifolia - alternateleaf dogwood,,unmapped (accepted),ITIS TSN 27813,accepted taxon absent from the corpus; the build mints it
Koelreuteria paniculata 'Gold Candle' - 'Gold Candle' Goldenraintree,Koelreuteria paniculata,R2/R3 rank within species,ICN Art. 4 (infraspecific); ICNCP 9th ed. Art. 2.1 (cultivar),a variety/form/cultivar is a member of its species
Magnolia grandiflora - southern magnolia,Magnolia grandiflora,R0 exact,-,already a corpus name
Betula pendula - European white birch,Betula pendula,R0 exact,-,already a corpus name
Acer truncatum 'Urban Sunset' - 'Urban Sunset' Shantung maple,,unmapped (not_found),ITIS: no exact match,"cultivar, not indexed by ITIS"
Halesia carolina - Carolina silverbell,,unmapped (accepted),ITIS TSN 23864,accepted taxon absent from the corpus; the build mints it
Cercis reniformis - Oklahoma redbud,,unmapped (not_found),ITIS: no exact match,"cultivar, not indexed by ITIS"
Styrax japonicus 'Emerald Pagoda' - 'Emerald Pagoda' Japanese snowbell,Styrax japonicus,R2/R3 rank within species,ICN Art. 4 (infraspecific); ICNCP 9th ed. Art. 2.1 (cultivar),a variety/form/cultivar is a member of its species
Amelanchier arborea - common serviceberry,,unmapped (accepted),ITIS TSN 25110,accepted taxon absent from the corpus; the build mints it
Juniperus chinensis 'Hetzii' - 'Hetzii' Chinese juniper,Juniperus chinensis,R2/R3 rank within species,ICN Art. 4 (infraspecific); ICNCP 9th ed. Art. 2.1 (cultivar),a variety/form/cultivar is a member of its species
Metasequoia glyptostroboides 'Gold Rush' - 'Gold Rush' Dawn redwood,Metasequoia glyptostroboides,R2/R3 rank within species,ICN Art. 4 (infraspecific); ICNCP 9th ed. Art. 2.1 (cultivar),a variety/form/cultivar is a member of its species
Malus hupehensis - Chinese crabapple,,unmapped (accepted),ITIS TSN 836454,accepted taxon absent from the corpus; the build mints it
Taxodium ascendens - pond cypress,,unmapped (synonym),ITIS TSN 183433,Taxodium distichum var. imbricarium
Acer rubrum 'Autumn Blaze' - 'Autumn Blaze' Red maple,Acer rubrum,R2/R3 rank within species,ICN Art. 4 (infraspecific); ICNCP 9th ed. Art. 2.1 (cultivar),a variety/form/cultivar is a member of its species
Liquidambar styraciflua 'Happidaze' - 'Happidaze' Sweetgum,Liquidambar styraciflua,R2/R3 rank within species,ICN Art. 4 (infraspecific); ICNCP 9th ed. Art. 2.1 (cultivar),a variety/form/cultivar is a member of its species
Ulmus 'New Horizon' - 'New Horizon' Elm,Ulmus,R2/R3 rank within species,ICN Art. 4 (infraspecific); ICNCP 9th ed. Art. 2.1 (cultivar),a variety/form/cultivar is a member of its species
Syringa pekinensis 'China Snow' - 'China Snow' Peking lilac,,unmapped (not_found),ITIS: no exact match,"cultivar, not indexed by ITIS"
Acer rubrum 'Armstrong' - 'Armstrong' Red maple,Acer rubrum 'Armstrong',R0 exact,-,already a corpus name
Amelanchier x grandiflora 'Robin Hill' - 'Robin Hill' Serviceberry,,unmapped (not_found),ITIS: no exact match,"cultivar, not indexed by ITIS"
Cotinus coggygria - European smoketree,Cotinus coggygria,R0 exact,-,already a corpus name
Pinus rigida - pitch pine,,unmapped (accepted),ITIS TSN 183376,accepted taxon absent from the corpus; the build mints it
Cedrus deodara - Deodar cedar,Cedrus deodara,R0 exact,-,already a corpus name
Maclura pomifera - osage orange,,unmapped (accepted),ITIS TSN 19102,accepted taxon absent from the corpus; the build mints it
Tilia platyphyllos - largeleaf linden,,unmapped (accepted),ITIS TSN 21541,accepted taxon absent from the corpus; the build mints it
Chamaecyparis pisifera - sawara-cypress,,unmapped (accepted),ITIS TSN 183450,accepted taxon absent from the corpus; the build mints it
Aesculus x carnea 'Fort Mcnair' - 'Fort Mcnair' Ruby red horsechestnut,Aesculus x carnea,R2/R3 rank within species,ICN Art. 4 (infraspecific); ICNCP 9th ed. Art. 2.1 (cultivar),a variety/form/cultivar is a member of its species
Betula populifolia - gray birch,,unmapped (accepted),ITIS TSN 19497,accepted taxon absent from the corpus; the build mints it
Ulmus 'Accolade' - 'Accolade' Elm,Ulmus 'Accolade',R0 exact,-,already a corpus name
Celtis occidentalis 'Praire Sentinal' - 'Praire Sentinal' Hackberry,Celtis occidentalis,R2/R3 rank within species,ICN Art. 4 (infraspecific); ICNCP 9th ed. Art. 2.1 (cultivar),a variety/form/cultivar is a member of its species
Acer tataricum - tatarian maple,,unmapped (accepted),ITIS TSN 182137,accepted taxon absent from the corpus; the build mints it
Cercis canadensis 'Forest Pansy' - 'Forest Pansy' Eastern redbud,Cercis canadensis 'Forest Pansy',R0 exact,-,already a corpus name
Ginkgo biloba 'Princeton Sentry' - 'Princeton Sentry' Ginkgo,Ginkgo biloba 'Princeton Sentry',R0 exact,-,already a corpus name
Quercus robur var. fastigiata - Upright english oak,Quercus robur,R2/R3 rank within species,ICN Art. 4 (infraspecific); ICNCP 9th ed. Art. 2.1 (cultivar),a variety/form/cultivar is a member of its species
Ginkgo biloba 'Windover Gold' - 'Windover Gold' Ginkgo,Ginkgo biloba,R2/R3 rank within species,ICN Art. 4 (infraspecific); ICNCP 9th ed. Art. 2.1 (cultivar),a variety/form/cultivar is a member of its species
Quercus palustris 'Green Pillar' - 'Green Pillar' Pin oak,Quercus palustris,R2/R3 rank within species,ICN Art. 4 (infraspecific); ICNCP 9th ed. Art. 2.1 (cultivar),a variety/form/cultivar is a member of its species
Betula nigra 'Duraheat' - 'Duraheat' River birch,Betula nigra,R2/R3 rank within species,ICN Art. 4 (infraspecific); ICNCP 9th ed. Art. 2.1 (cultivar),a variety/form/cultivar is a member of its species
Picea glauca - white spruce,,unmapped (accepted),ITIS TSN 183295,accepted taxon absent from the corpus; the build mints it
Tilia cordata 'Glenlevyn' - 'Glenlevyn' Littleleaf linden,Tilia cordata,R2/R3 rank within species,ICN Art. 4 (infraspecific); ICNCP 9th ed. Art. 2.1 (cultivar),a variety/form/cultivar is a member of its species
Prunus cerasifera 'Newport' - 'Newport' Cherry plum,Prunus cerasifera,R2/R3 rank within species,ICN Art. 4 (infraspecific); ICNCP 9th ed. Art. 2.1 (cultivar),a variety/form/cultivar is a member of its species
Liquidambar styraciflua 'Worplesdon' - 'Worplesdon' Sweetgum,Liquidambar styraciflua,R2/R3 rank within species,ICN Art. 4 (infraspecific); ICNCP 9th ed. Art. 2.1 (cultivar),a variety/form/cultivar is a member of its species
Ulmus 'Morton Glossy' - 'Morton Glossy' Elm,Ulmus,R2/R3 rank within species,ICN Art. 4 (infraspecific); ICNCP 9th ed. Art. 2.1 (cultivar),a variety/form/cultivar is a member of its species
Tilia tomentosa 'Silver Lining' - 'Silver Lining' Silver linden,Tilia tomentosa,R2/R3 rank within species,ICN Art. 4 (infraspecific); ICNCP 9th ed. Art. 2.1 (cultivar),a variety/form/cultivar is a member of its species
Cercis canadensis 'Appalachian Red' - 'Appalachian Red' Eastern redbud,Cercis canadensis,R2/R3 rank within species,ICN Art. 4 (infraspecific); ICNCP 9th ed. Art. 2.1 (cultivar),a variety/form/cultivar is a member of its species
Magnolia acuminata - cucumber tree,,unmapped (accepted),ITIS TSN 18071,accepted taxon absent from the corpus; the build mints it
Malus 'Prariefire' - 'Prariefire' Crabapple,Malus,R2/R3 rank within species,ICN Art. 4 (infraspecific); ICNCP 9th ed. Art. 2.1 (cultivar),a variety/form/cultivar is a member of its species
Carya ovata - shagbark hickory,,unmapped (accepted),ITIS TSN 19242,accepted taxon absent from the corpus; the build mints it
Quercus falcata - southern red oak,,unmapped (accepted),ITIS TSN 19277,accepted taxon absent from the corpus; the build mints it
Salix alba - white willow,,unmapped (accepted),ITIS TSN 565478,accepted taxon absent from the corpus; the build mints it
Aesculus glabra - Ohio buckeye,,unmapped (accepted),ITIS TSN 28718,accepted taxon absent from the corpus; the build mints it
Malus 'Cardinal' - 'Cardinal' Crabapple,Malus,R2/R3 rank within species,ICN Art. 4 (infraspecific); ICNCP 9th ed. Art. 2.1 (cultivar),a variety/form/cultivar is a member of its species
Malus 'Adams' - 'Adams' Crabapple,Malus,R2/R3 rank within species,ICN Art. 4 (infraspecific); ICNCP 9th ed. Art. 2.1 (cultivar),a variety/form/cultivar is a member of its species
Liquidambar styraciflua 'Slender Silhouette' - 'Slender Silhouette' Sweetgum,Liquidambar styraciflua,R2/R3 rank within species,ICN Art. 4 (infraspecific); ICNCP 9th ed. Art. 2.1 (cultivar),a variety/form/cultivar is a member of its species
Betula lenta - sweet birch,,unmapped (accepted),ITIS TSN 19487,accepted taxon absent from the corpus; the build mints it
Halesia diptera - Two-wing silverbell,,unmapped (accepted),ITIS TSN 23865,accepted taxon absent from the corpus; the build mints it
Stewartia pseudocamellia - Japanese stewartia,,unmapped (not_found),ITIS: no exact match,"cultivar, not indexed by ITIS"
Malus 'Harvest Gold' - 'Harvest Gold' Crabapple,Malus,R2/R3 rank within species,ICN Art. 4 (infraspecific); ICNCP 9th ed. Art. 2.1 (cultivar),a variety/form/cultivar is a member of its species
Aesculus sp. - Horsechestnut,,unmapped (not_found),ITIS: no exact match,"cultivar, not indexed by ITIS"
Prunus serrulata 'Accolade' - 'Accolade' Flowering cherry,Prunus serrulata,R2/R3 rank within species,ICN Art. 4 (infraspecific); ICNCP 9th ed. Art. 2.1 (cultivar),a variety/form/cultivar is a member of its species
Prunus sargentii 'Columnaris' - 'Columnaris' Sargent cherry,Prunus sargentii 'Columnaris',R0 exact,-,already a corpus name
Albizia julibrissin - silktree,Albizia julibrissin,R0 exact,-,already a corpus name
Celtis occidentalis 'Magnifica' - 'Magnifica' Hackberry,Celtis occidentalis,R2/R3 rank within species,ICN Art. 4 (infraspecific); ICNCP 9th ed. Art. 2.1 (cultivar),a variety/form/cultivar is a member of its species
Picea pungens 'Glauca' - 'Glauca' blue spruce,Picea pungens,R2/R3 rank within species,ICN Art. 4 (infraspecific); ICNCP 9th ed. Art. 2.1 (cultivar),a variety/form/cultivar is a member of its species
Malus sargentii - Sargent's apple,,unmapped (synonym),ITIS TSN 507499,Malus toringo
Diospyros virginiana - common persimmon,,unmapped (accepted),ITIS TSN 23855,accepted taxon absent from the corpus; the build mints it
Ulmus 'Athena' - 'Athena' Elm,Ulmus,R2/R3 rank within species,ICN Art. 4 (infraspecific); ICNCP 9th ed. Art. 2.1 (cultivar),a variety/form/cultivar is a member of its species
Alnus glutinosa - European alder,,unmapped (accepted),ITIS TSN 19470,accepted taxon absent from the corpus; the build mints it
Cedrus libani - Cedar of lebanon,Cedrus libani,R0 exact,-,already a corpus name
Magnolia virginiana - sweetbay,,unmapped (accepted),ITIS TSN 18070,accepted taxon absent from the corpus; the build mints it
Malus x zumi var. calocarpa - Zumi crabapple,,unmapped (synonym),ITIS TSN 837681,Malus X zumi
Malus 'Perfect Purple' - 'Perfect Purple' flowering crabapple,Malus,R2/R3 rank within species,ICN Art. 4 (infraspecific); ICNCP 9th ed. Art. 2.1 (cultivar),a variety/form/cultivar is a member of its species
Cercis canadensis 'Royal White' - 'Royal White' Eastern redbud,Cercis canadensis,R2/R3 rank within species,ICN Art. 4 (infraspecific); ICNCP 9th ed. Art. 2.1 (cultivar),a variety/form/cultivar is a member of its species
Castanea mollissima - Chinese chestnut,,unmapped (accepted),ITIS TSN 501318,accepted taxon absent from the corpus; the build mints it
Celtis australis - European hackberry,Celtis australis,R0 exact,-,already a corpus name
Pistacia chinensis - Chinese pistache,Pistacia chinensis,R0 exact,-,already a corpus name
Cornus kousa var. chinensis - Kousa dogwood,,unmapped (not_found),ITIS: no exact match,"cultivar, not indexed by ITIS"
Prunus persica - Peach,Prunus persica,R0 exact,-,already a corpus name
Acer miyabei 'Rugged Ridge' - 'Rugged Ridge' Miyabe maple,,unmapped (not_found),ITIS: no exact match,"cultivar, not indexed by ITIS"
Robinia hispida - bristly locust,,unmapped (accepted),ITIS TSN 26191,accepted taxon absent from the corpus; the build mints it
Malus 'Donald Wyman' - 'Donald Wyman' Crabapple,Malus,R2/R3 rank within species,ICN Art. 4 (infraspecific); ICNCP 9th ed. Art. 2.1 (cultivar),a variety/form/cultivar is a member of its species
Cornus mas 'Golden Glory' - 'Golden Glory' Cornelian cherry dogwood,,unmapped (not_found),ITIS: no exact match,"cultivar, not indexed by ITIS"
Juniperus virginiana 'Glauca' - 'Glauca' Eastern red cedar,,unmapped (not_found),ITIS: no exact match,"cultivar, not indexed by ITIS"
Prunus americana - American plum,,unmapped (accepted),ITIS TSN 24763,accepted taxon absent from the corpus; the build mints it
Liquidambar styraciflua 'Cherokee' - 'Cherokee' Sweetgum,Liquidambar styraciflua,R2/R3 rank within species,ICN Art. 4 (infraspecific); ICNCP 9th ed. Art. 2.1 (cultivar),a variety/form/cultivar is a member of its species
Chamaecyparis obtusa 'Crippsii' - 'Crippsii' Golden hinoki cypress,Chamaecyparis obtusa,R2/R3 rank within species,ICN Art. 4 (infraspecific); ICNCP 9th ed. Art. 2.1 (cultivar),a variety/form/cultivar is a member of its species
Taxodium ascendens 'Morris Debonair' - 'Morris Debonair' Bald cypress,,unmapped (not_found),ITIS: no exact match,"cultivar, not indexed by ITIS"
Pyrus calleryana 'Chanticleer' - 'Chanticleer' Callery pear,Pyrus calleryana 'Chanticleer',R0 exact,-,already a corpus name
Quercus montana - Chestnut oak,,unmapped (accepted),ITIS TSN 19379,accepted taxon absent from the corpus; the build mints it
Cornus controversa 'June Snow' - 'June Snow' dogwood,,unmapped (not_found),ITIS: no exact match,"cultivar, not indexed by ITIS"
Abies balsamea - balsam fir,,unmapped (accepted),ITIS TSN 18032,accepted taxon absent from the corpus; the build mints it
Ulmus 'Jefferson' - 'Jefferson' Elm,Ulmus,R2/R3 rank within species,ICN Art. 4 (infraspecific); ICNCP 9th ed. Art. 2.1 (cultivar),a variety/form/cultivar is a member of its species
Pinus sylvestris - Scots pine,Pinus sylvestris,R0 exact,-,already a corpus name
Celtis occidentalis 'Chicagoland' - 'Chicagoland' Hackberry,Celtis occidentalis,R2/R3 rank within species,ICN Art. 4 (infraspecific); ICNCP 9th ed. Art. 2.1 (cultivar),a variety/form/cultivar is a member of its species
Syringa reticulata 'Snowcap' - 'Snowcap' Japanese tree lilac,Syringa reticulata,R2/R3 rank within species,ICN Art. 4 (infraspecific); ICNCP 9th ed. Art. 2.1 (cultivar),a variety/form/cultivar is a member of its species
Styrax japonicus 'Snow Charm' - 'Snow Charm' Japanese snowbell,Styrax japonicus,R2/R3 rank within species,ICN Art. 4 (infraspecific); ICNCP 9th ed. Art. 2.1 (cultivar),a variety/form/cultivar is a member of its species
Tilia americana 'Legend' - 'Legend' American linden,Tilia americana,R2/R3 rank within species,ICN Art. 4 (infraspecific); ICNCP 9th ed. Art. 2.1 (cultivar),a variety/form/cultivar is a member of its species
Quercus palustris 'Pacific Brilliance' - 'Pacific Brilliance' Pin oak,Quercus palustris,R2/R3 rank within species,ICN Art. 4 (infraspecific); ICNCP 9th ed. Art. 2.1 (cultivar),a variety/form/cultivar is a member of its species
Cedrus atlantica 'Glauca' - Blue Atlas cedar,Cedrus atlantica 'Glauca',R0 exact,-,already a corpus name
Carya - Hickory,,unmapped (accepted),ITIS TSN 19223,accepted taxon absent from the corpus; the build mints it
Larix laricina - tamarack,,unmapped (accepted),ITIS TSN 183412,accepted taxon absent from the corpus; the build mints it
Populus grandidentata - bigtooth aspen,,unmapped (accepted),ITIS TSN 22463,accepted taxon absent from the corpus; the build mints it
Gleditsia triacanthos var. inermis 'Northern Acclaim' - 'Northern Acclaim' Thornless honeylocust,Gleditsia triacanthos,R2/R3 rank within species,ICN Art. 4 (infraspecific); ICNCP 9th ed. Art. 2.1 (cultivar),a variety/form/cultivar is a member of its species
Thuja 'Green Giant' - 'Green Giant' Arborvitae,,unmapped (not_found),ITIS: no exact match,"cultivar, not indexed by ITIS"
Koelreuteria paniculata 'Rose Lanterns' - 'Rose Lanterns' Goldenraintree,Koelreuteria paniculata,R2/R3 rank within species,ICN Art. 4 (infraspecific); ICNCP 9th ed. Art. 2.1 (cultivar),a variety/form/cultivar is a member of its species
Ginkgo biloba 'Columnar' - 'Columnar' Ginkgo,Ginkgo biloba,R2/R3 rank within species,ICN Art. 4 (infraspecific); ICNCP 9th ed. Art. 2.1 (cultivar),a variety/form/cultivar is a member of its species
Nyssa sylvatica 'Red Rage' - 'Red Rage' Black gum,Nyssa sylvatica,R2/R3 rank within species,ICN Art. 4 (infraspecific); ICNCP 9th ed. Art. 2.1 (cultivar),a variety/form/cultivar is a member of its species
Ulmus x - Hybrid Elm,,unmapped (not_found),ITIS: no exact match,"cultivar, not indexed by ITIS"
Acer truncatum 'Crimson Sunset' - 'Crimson Sunset' Shangtung maple,,unmapped (not_found),ITIS: no exact match,"cultivar, not indexed by ITIS"
Zelkova serrata 'Halka' - 'Halka' Zelkova,Zelkova serrata,R2/R3 rank within species,ICN Art. 4 (infraspecific); ICNCP 9th ed. Art. 2.1 (cultivar),a variety/form/cultivar is a member of its species
Ficus carica - Common Fig,Ficus carica,R0 exact,-,already a corpus name
Robinia pseudoacacia 'Frisia' - 'Frisia' Black locust,Robinia pseudoacacia,R2/R3 rank within species,ICN Art. 4 (infraspecific); ICNCP 9th ed. Art. 2.1 (cultivar),a variety/form/cultivar is a member of its species
Cornus florida 'Cherokee Brave' - 'Cherokee Brave' Flowering dogwood,Cornus florida,R2/R3 rank within species,ICN Art. 4 (infraspecific); ICNCP 9th ed. Art. 2.1 (cultivar),a variety/form/cultivar is a member of its species
Celtis occidentalis 'Ultrazam' - 'Ultrazam' Hackberry,Celtis occidentalis,R2/R3 rank within species,ICN Art. 4 (infraspecific); ICNCP 9th ed. Art. 2.1 (cultivar),a variety/form/cultivar is a member of its species
Prunus cerasifera 'Thundercloud' - 'Thundercloud' Cherry plum,Prunus cerasifera 'Thundercloud',R0 exact,-,already a corpus name
Acer x freemanii 'Bailston' - Matador maple,Acer x freemanii,R2/R3 rank within species,ICN Art. 4 (infraspecific); ICNCP 9th ed. Art. 2.1 (cultivar),a variety/form/cultivar is a member of its species
Magnolia 'Galaxy' - 'Galaxy' Magnolia,Magnolia,R2/R3 rank within species,ICN Art. 4 (infraspecific); ICNCP 9th ed. Art. 2.1 (cultivar),a variety/form/cultivar is a member of its species
Cercis canadensis var. Alba - White redbud,Cercis canadensis,R2/R3 rank within species,ICN Art. 4 (infraspecific); ICNCP 9th ed. Art. 2.1 (cultivar),a variety/form/cultivar is a member of its species
Cornus 'Venus' - 'Venus' Dogwood,,unmapped (not_found),ITIS: no exact match,"cultivar, not indexed by ITIS"
Acer japonicum - Amur maple,Acer japonicum,R0 exact,-,already a corpus name
Lagerstroemia indica 'Muskogee' - 'Muskogee' Crapemyrtle,Lagerstroemia indica 'Muskogee',R0 exact,-,already a corpus name
Malus 'Centurion' - 'Centurion' Crabapple,Malus,R2/R3 rank within species,ICN Art. 4 (infraspecific); ICNCP 9th ed. Art. 2.1 (cultivar),a variety/form/cultivar is a member of its species
Koelreuteria paniculata 'Fastigiata' - 'Fastigiata' Goldenraintree,Koelreuteria paniculata,R2/R3 rank within species,ICN Art. 4 (infraspecific); ICNCP 9th ed. Art. 2.1 (cultivar),a variety/form/cultivar is a member of its species
Acer truncatum 'Pacific Sunset' - 'Pacific Sunset' Shangtung maple,,unmapped (not_found),ITIS: no exact match,"cultivar, not indexed by ITIS"
Cryptomeria japonica 'Yoshino' - 'Yoshino' Japanese cedar,Cryptomeria japonica,R2/R3 rank within species,ICN Art. 4 (infraspecific); ICNCP 9th ed. Art. 2.1 (cultivar),a variety/form/cultivar is a member of its species
Abies concolor - white fir,,unmapped (accepted),ITIS TSN 181826,accepted taxon absent from the corpus; the build mints it
Acer nigrum - black maple,,unmapped (accepted),ITIS TSN 182135,accepted taxon absent from the corpus; the build mints it
Chionanthus virginicus - Fringetree,,unmapped (accepted),ITIS TSN 32950,accepted taxon absent from the corpus; the build mints it
Lagerstroemia 'Natchez' - 'Natchez' Crapemyrtle,,unmapped (not_found),ITIS: no exact match,"cultivar, not indexed by ITIS"
Prunus serrulata 'Shirofugen' - 'Shirofugen' Japanese flowering cherry,Prunus serrulata,R2/R3 rank within species,ICN Art. 4 (infraspecific); ICNCP 9th ed. Art. 2.1 (cultivar),a variety/form/cultivar is a member of its species
Malus ioensis - prairie crabapple,,unmapped (accepted),ITIS TSN 25259,accepted taxon absent from the corpus; the build mints it
Amelanchier canadensis 'Robin Hill' - 'Robin Hill' Canadian serviceberry,,unmapped (not_found),ITIS: no exact match,"cultivar, not indexed by ITIS"
Ginkgo biloba 'Shangri La' - 'Shangri La' Ginkgo,Ginkgo biloba,R2/R3 rank within species,ICN Art. 4 (infraspecific); ICNCP 9th ed. Art. 2.1 (cultivar),a variety/form/cultivar is a member of its species
Gymnocladus dioicus 'Prairie Titan' - 'Prairie Titan' Kentucky coffee tree,,unmapped (not_found),ITIS: no exact match,"cultivar, not indexed by ITIS"
Aesculus x carnea 'Briotii' - 'Briotii' Ruby red horsechestnut,Aesculus x carnea 'Briotii',R0 exact,-,already a corpus name
Magnolia x soulangiana - Chinese magnolia,Magnolia x soulangiana,R0 exact,-,already a corpus name
Hamamelis vernalis - Ozark witchhazel,,unmapped (accepted),ITIS TSN 19032,accepted taxon absent from the corpus; the build mints it
Quercus virginiana - live oak,Quercus virginiana,R0 exact,-,already a corpus name
Pinus thunbergii - Japanese black pine,Pinus thunbergii,R0 exact,-,already a corpus name
Maclura pomifera 'Wichita' - 'Wichita' Osage orange,,unmapped (not_found),ITIS: no exact match,"cultivar, not indexed by ITIS"
Pyrus calleryana 'Aristocrat' - 'Aristocrat' Callery pear,Pyrus calleryana 'Aristocrat',R0 exact,-,already a corpus name
Pinus flexilis - limber pine,,unmapped (accepted),ITIS TSN 183343,accepted taxon absent from the corpus; the build mints it
Fraxinus pennsylvanica 'Leprechaun' - 'Leprechaun' Green ash,,unmapped (not_found),ITIS: no exact match,"cultivar, not indexed by ITIS"
Prunus x hillieri 'Spires' - 'Spires' Flowering cherry,,unmapped (not_found),ITIS: no exact match,"cultivar, not indexed by ITIS"
Nyssa sylvatica 'Tupelo Tower' - 'Tupelo Tower' Black gum,Nyssa sylvatica,R2/R3 rank within species,ICN Art. 4 (infraspecific); ICNCP 9th ed. Art. 2.1 (cultivar),a variety/form/cultivar is a member of its species
Quercus nuttallii - Nuttall oak,,unmapped (synonym),ITIS TSN 19389,Quercus texana
Maclura pomifera 'White Shield' - 'White Shield' Osage orange,,unmapped (not_found),ITIS: no exact match,"cultivar, not indexed by ITIS"
Cornus 'Constellation' - 'Constellation' Dogwood,,unmapped (not_found),ITIS: no exact match,"cultivar, not indexed by ITIS"
Magnolia stellata - star magnolia,,unmapped (accepted),ITIS TSN 506192,accepted taxon absent from the corpus; the build mints it
Prunus padus - European birdcherry,,unmapped (accepted),ITIS TSN 24798,accepted taxon absent from the corpus; the build mints it
Aesculus hippocastanum 'Baumanni' - 'Baumanni' Horsechestnut,Aesculus hippocastanum,R2/R3 rank within species,ICN Art. 4 (infraspecific); ICNCP 9th ed. Art. 2.1 (cultivar),a variety/form/cultivar is a member of its species
Populus tremuloides 'Prairie Gold' - 'Prairie Gold' Quaking aspen,Populus tremuloides,R2/R3 rank within species,ICN Art. 4 (infraspecific); ICNCP 9th ed. Art. 2.1 (cultivar),a variety/form/cultivar is a member of its species
Acer campestre 'Metro Gold' - 'Metro Gold' Hedge maple,Acer campestre,R2/R3 rank within species,ICN Art. 4 (infraspecific); ICNCP 9th ed. Art. 2.1 (cultivar),a variety/form/cultivar is a member of its species
Juniperus scopulorum 'Blue Haven' - 'Blue Haven' Juniper,,unmapped (not_found),ITIS: no exact match,"cultivar, not indexed by ITIS"
Crataegus ambigua - Russian hawthorn,,unmapped (accepted),ITIS TSN 836585,accepted taxon absent from the corpus; the build mints it
Ulmus wilsoniana 'Prospector' - 'Prospector' Elm,Ulmus wilsoniana 'Prospector',R0 exact,-,already a corpus name
Prunus 'JFS-KW14' - 'First Blush' Flowering cherry,Prunus,R2/R3 rank within species,ICN Art. 4 (infraspecific); ICNCP 9th ed. Art. 2.1 (cultivar),a variety/form/cultivar is a member of its species
Chamaecyparis lawsoniana - Port Orford cedar,Chamaecyparis lawsoniana,R0 exact,-,already a corpus name
Juniperus virginiana 'Canaertii' - 'Canaertii' Eastern red cedar,,unmapped (not_found),ITIS: no exact match,"cultivar, not indexed by ITIS"
Acer ginnala 'Ruby Slippers' - 'Ruby Slippers' Amur maple,Acer ginnala,R2/R3 rank within species,ICN Art. 4 (infraspecific); ICNCP 9th ed. Art. 2.1 (cultivar),a variety/form/cultivar is a member of its species
Pinus strobiformis - southwestern white pine,,unmapped (accepted),ITIS TSN 183380,accepted taxon absent from the corpus; the build mints it
Tilia americana 'Continental Appeal' - 'Continental Appeal' American linden,Tilia americana,R2/R3 rank within species,ICN Art. 4 (infraspecific); ICNCP 9th ed. Art. 2.1 (cultivar),a variety/form/cultivar is a member of its species
Pinus virginiana - Virginia pine,,unmapped (accepted),ITIS TSN 183394,accepted taxon absent from the corpus; the build mints it
Ulmus rubra - Slippery elm,,unmapped (accepted),ITIS TSN 19050,accepted taxon absent from the corpus; the build mints it
Quercus stellata - post oak,,unmapped (accepted),ITIS TSN 19422,accepted taxon absent from the corpus; the build mints it
Carya illinoinensis - pecan,Carya illinoinensis,R0 exact,-,already a corpus name
Betula alleghaniensis - yellow birch,,unmapped (accepted),ITIS TSN 19481,accepted taxon absent from the corpus; the build mints it
Malus 'Robinson' - 'Robinson' Crabapple,Malus,R2/R3 rank within species,ICN Art. 4 (infraspecific); ICNCP 9th ed. Art. 2.1 (cultivar),a variety/form/cultivar is a member of its species
Halesia tetraptera - Common silverbell,,unmapped (synonym),ITIS TSN 502868,Halesia carolina
Prunus cerasifera 'Crimson Point' - 'Crimson Point' Cherry plum,Prunus cerasifera,R2/R3 rank within species,ICN Art. 4 (infraspecific); ICNCP 9th ed. Art. 2.1 (cultivar),a variety/form/cultivar is a member of its species
Picea orientalis - Oriental spruce,,unmapped (not_found),ITIS: no exact match,"cultivar, not indexed by ITIS"
Acer rubrum 'Franksred' - 'Franksred' Red maple,Acer rubrum,R2/R3 rank within species,ICN Art. 4 (infraspecific); ICNCP 9th ed. Art. 2.1 (cultivar),a variety/form/cultivar is a member of its species
Prunus serrulata 'Royal Burgundy' - 'Royal Burgundy' Flowering cherry,Prunus serrulata 'Royal Burgundy',R0 exact,-,already a corpus name
Asimina triloba – Pawpaw,,unmapped (accepted),ITIS TSN 18117,accepted taxon absent from the corpus; the build mints it
Tilia tomentosa 'Green Mountain' - 'Green Mountain' Silver linden,Tilia tomentosa,R2/R3 rank within species,ICN Art. 4 (infraspecific); ICNCP 9th ed. Art. 2.1 (cultivar),a variety/form/cultivar is a member of its species
Ulmus minor 'Atinia' - English elm,,unmapped (not_found),ITIS: no exact match,"cultivar, not indexed by ITIS"
Thuja plicata - western redcedar,Thuja plicata,R0 exact,-,already a corpus name
Tilia cordata 'Corinthian' - 'Corinthian' Littleleaf linden,Tilia cordata,R2/R3 rank within species,ICN Art. 4 (infraspecific); ICNCP 9th ed. Art. 2.1 (cultivar),a variety/form/cultivar is a member of its species
Ulmus americana 'Valley Forge' - 'Valley Forge' American Elm,Ulmus americana,R2/R3 rank within species,ICN Art. 4 (infraspecific); ICNCP 9th ed. Art. 2.1 (cultivar),a variety/form/cultivar is a member of its species
Acer rubrum 'Sun valley' - 'Sun valley' Red maple,Acer rubrum,R2/R3 rank within species,ICN Art. 4 (infraspecific); ICNCP 9th ed. Art. 2.1 (cultivar),a variety/form/cultivar is a member of its species
Fagus sylvatica 'Tricolor' - 'Tricolor' European beech,Fagus sylvatica,R2/R3 rank within species,ICN Art. 4 (infraspecific); ICNCP 9th ed. Art. 2.1 (cultivar),a variety/form/cultivar is a member of its species
Prunus sargentii 'Pink Flair' - 'Pink Flair' Sargent cherry,Prunus sargentii,R2/R3 rank within species,ICN Art. 4 (infraspecific); ICNCP 9th ed. Art. 2.1 (cultivar),a variety/form/cultivar is a member of its species
Juniperus virginiana 'Cupressifolia' - 'Cupressifolia' Eastern red cedar,,unmapped (not_found),ITIS: no exact match,"cultivar, not indexed by ITIS"
Aesculus pavia - red buckeye,,unmapped (accepted),ITIS TSN 28723,accepted taxon absent from the corpus; the build mints it
Cornus kousa 'Starlight' - 'Starlight' Kousa dogwood,,unmapped (not_found),ITIS: no exact match,"cultivar, not indexed by ITIS"
Fagus sylvatica 'Riversii' - 'Riversii' European beech,Fagus sylvatica,R2/R3 rank within species,ICN Art. 4 (infraspecific); ICNCP 9th ed. Art. 2.1 (cultivar),a variety/form/cultivar is a member of its species
Acer rubrum 'Karpick' - 'Karpick' Red maple,Acer rubrum,R2/R3 rank within species,ICN Art. 4 (infraspecific); ICNCP 9th ed. Art. 2.1 (cultivar),a variety/form/cultivar is a member of its species
Quercus bicolor 'Beacon' - 'Beacon' Swamp white oak,,unmapped (not_found),ITIS: no exact match,"cultivar, not indexed by ITIS"
Acer x freemanii 'Sienna' - Sienna Glen maple,Acer x freemanii,R2/R3 rank within species,ICN Art. 4 (infraspecific); ICNCP 9th ed. Art. 2.1 (cultivar),a variety/form/cultivar is a member of its species
Castanea dentata - American chestnut,Castanea dentata,R0 exact,-,already a corpus name
Cladrastis kentukea 'Perkins Pink' - 'Perkins Pink' American yellowwood,,unmapped (not_found),ITIS: no exact match,"cultivar, not indexed by ITIS"
Magnolia loebneri 'Dr. Merril' - 'Dr. Merril' Loebner magnolia,,unmapped (not_found),ITIS: no exact match,"cultivar, not indexed by ITIS"
Ulmus parvifolia 'Everclear' - 'Everclear' Chinese elm,Ulmus parvifolia,R2/R3 rank within species,ICN Art. 4 (infraspecific); ICNCP 9th ed. Art. 2.1 (cultivar),a variety/form/cultivar is a member of its species
Liriodendron tulipifera 'Emerald City' - 'Emerald City' Tulip poplar,Liriodendron tulipifera,R2/R3 rank within species,ICN Art. 4 (infraspecific); ICNCP 9th ed. Art. 2.1 (cultivar),a variety/form/cultivar is a member of its species
Fraxinus nigra - Black Ash,,unmapped (accepted),ITIS TSN 32945,accepted taxon absent from the corpus; the build mints it
Pinus pungens - Table Mountain pine,,unmapped (accepted),ITIS TSN 183369,accepted taxon absent from the corpus; the build mints it
Acer saccharum 'Flashfire' - 'Flashfire' Sugar maple,Acer saccharum,R2/R3 rank within species,ICN Art. 4 (infraspecific); ICNCP 9th ed. Art. 2.1 (cultivar),a variety/form/cultivar is a member of its species
Elaeagnus angustifolia - Russian olive,Elaeagnus angustifolia,R0 exact,-,already a corpus name
Juniperus chinensis 'Hollywood' - 'Hollywood' Chinese juniper,Juniperus chinensis,R2/R3 rank within species,ICN Art. 4 (infraspecific); ICNCP 9th ed. Art. 2.1 (cultivar),a variety/form/cultivar is a member of its species
Quercus bicolor 'American Dream' - 'American Dream' Swamp white oak,,unmapped (not_found),ITIS: no exact match,"cultivar, not indexed by ITIS"
Ilex aquifolium - English holly,Ilex aquifolium,R0 exact,-,already a corpus name
Hydrangea paniculata - Panicle hydrangea,,unmapped (accepted),ITIS TSN 24199,accepted taxon absent from the corpus; the build mints it
Acer saccharum 'Commemoration' - 'Commemoration' Sugar maple,Acer saccharum,R2/R3 rank within species,ICN Art. 4 (infraspecific); ICNCP 9th ed. Art. 2.1 (cultivar),a variety/form/cultivar is a member of its species
Styrax americanus - American snowbell,,unmapped (accepted),ITIS TSN 505398,accepted taxon absent from the corpus; the build mints it
Cercis reniformis 'Oklahoma' - 'Oklahoma' Oklahoma redbud,,unmapped (not_found),ITIS: no exact match,"cultivar, not indexed by ITIS"
Rhus typhina - Staghorn sumac,Rhus typhina,R0 exact,-,already a corpus name
Styrax obassia - Fragrant snowbell,,unmapped (not_found),ITIS: no exact match,"cultivar, not indexed by ITIS"
Abies alba - silver fir,,unmapped (accepted),ITIS TSN 506607,accepted taxon absent from the corpus; the build mints it
Quercus phellos 'Hightower' - 'Hightower' Willow oak,,unmapped (not_found),ITIS: no exact match,"cultivar, not indexed by ITIS"
Cornus nuttallii - Pacific dogwood,,unmapped (accepted),ITIS TSN 27809,accepted taxon absent from the corpus; the build mints it
Crataegus phaenopyrum 'Washington' - 'Washington' Hawthorn,Crataegus phaenopyrum,R2/R3 rank within species,ICN Art. 4 (infraspecific); ICNCP 9th ed. Art. 2.1 (cultivar),a variety/form/cultivar is a member of its species
Cotinus 'Royal Purple' - 'Royal Purple' Smoketree,,unmapped (not_found),ITIS: no exact match,"cultivar, not indexed by ITIS"
Ilex x 'Nellie R. Stevens' - 'Nellie R. Stevens' Holly,Ilex,R1+R2/R3,ICN Art. H.3A.1 + Art. 4 / ICNCP Art. 2.1,"hybrid notation stripped, then reduced to the species"
x Chitalpa tashkentensis - Chitalpa,Chitalpa tashkentensis,R1 hybrid sign,"ICN (Shenzhen Code) Art. H.3A.1, Art. 23.1","the multiplication sign is notation, not part of the epithet"
Quercus laurifolia - laurel oak,,unmapped (accepted),ITIS TSN 19368,accepted taxon absent from the corpus; the build mints it
Corylus americana - American hazelnut,,unmapped (accepted),ITIS TSN 19506,accepted taxon absent from the corpus; the build mints it
Acer campestre 'Evelyn' - 'Evelyn' Hedge maple,Acer campestre 'Evelyn',R0 exact,-,already a corpus name
Oxydendrum arboreum - sourwood,,unmapped (accepted),ITIS TSN 23690,accepted taxon absent from the corpus; the build mints it
Acer saccharum 'Green Mountain' - 'Green Mountain' Sugar maple,Acer saccharum,R2/R3 rank within species,ICN Art. 4 (infraspecific); ICNCP 9th ed. Art. 2.1 (cultivar),a variety/form/cultivar is a member of its species
Gleditsia triacanthos var. inermis 'Shademaster' - 'Shademaster' Thornless honeylocust,Gleditsia triacanthos,R2/R3 rank within species,ICN Art. 4 (infraspecific); ICNCP 9th ed. Art. 2.1 (cultivar),a variety/form/cultivar is a member of its species
Prunus cerasifera 'Krauter Vesuvius' - 'Krauter Vesuvius' Cherry plum,Prunus cerasifera 'Krauter vesuvius',R0 exact,-,already a corpus name
Quercus cerris - European turkey oak,,unmapped (accepted),ITIS TSN 506534,accepted taxon absent from the corpus; the build mints it
Quercus robur x bicolor 'Kindred Spirit' - 'Kindred Spirit' Oak,,unmapped (not_found),ITIS: no exact match,"cultivar, not indexed by ITIS"
Rhus glabra - Smooth Sumac,,unmapped (accepted),ITIS TSN 28782,accepted taxon absent from the corpus; the build mints it
Pyrus communis - European/Common Pear,Pyrus communis,R0 exact,-,already a corpus name
Nyssa sylvatica 'Gum drop' - 'Gum Drop' Black gum,Nyssa sylvatica,R2/R3 rank within species,ICN Art. 4 (infraspecific); ICNCP 9th ed. Art. 2.1 (cultivar),a variety/form/cultivar is a member of its species
Ginkgo biloba 'Fairmont' - 'Fairmont' Ginkgo,Ginkgo biloba 'Fairmont',R0 exact,-,already a corpus name
Catalpa bignonioides - southern catalpa,,unmapped (accepted),ITIS TSN 34313,accepted taxon absent from the corpus; the build mints it
Fraxinus quadrangulata - Blue ash,,unmapped (accepted),ITIS TSN 32947,accepted taxon absent from the corpus; the build mints it
Malus sargentii 'Tina' - 'Tina' Sargent's crabapple,,unmapped (not_found),ITIS: no exact match,"cultivar, not indexed by ITIS"
Ulmus americana 'Lewis & Clark' - Prairie Expedition American elm,Ulmus americana,R2/R3 rank within species,ICN Art. 4 (infraspecific); ICNCP 9th ed. Art. 2.1 (cultivar),a variety/form/cultivar is a member of its species
Cornus canadensis - bunchberry dogwood,,unmapped (accepted),ITIS TSN 27816,accepted taxon absent from the corpus; the build mints it
Larix decidua - European larch,,unmapped (accepted),ITIS TSN 183410,accepted taxon absent from the corpus; the build mints it
Aesculus flava - yellow buckeye,,unmapped (synonym),ITIS TSN 28717,Aesculus flava
Prunus 'Amanowagawa' - 'Amanowagawa' Cherry,Prunus,R2/R3 rank within species,ICN Art. 4 (infraspecific); ICNCP 9th ed. Art. 2.1 (cultivar),a variety/form/cultivar is a member of its species
Ulmus 'New Harmony' - 'New Harmony' Elm,Ulmus,R2/R3 rank within species,ICN Art. 4 (infraspecific); ICNCP 9th ed. Art. 2.1 (cultivar),a variety/form/cultivar is a member of its species
Acer saccharum 'Oregon Trail' - 'Oregon Trail' sugar maple,Acer saccharum,R2/R3 rank within species,ICN Art. 4 (infraspecific); ICNCP 9th ed. Art. 2.1 (cultivar),a variety/form/cultivar is a member of its species
Betula platyphylla - Asian white birch,,unmapped (accepted),ITIS TSN 183538,accepted taxon absent from the corpus; the build mints it
Prunus sargentii 'Columnaris Rancho' - 'Columnaris Rancho' Sargent cherry,Prunus sargentii,R2/R3 rank within species,ICN Art. 4 (infraspecific); ICNCP 9th ed. Art. 2.1 (cultivar),a variety/form/cultivar is a member of its species
Juglans ailantifolia - Japanese walnut,,unmapped (accepted),ITIS TSN 506528,accepted taxon absent from the corpus; the build mints it
Magnolia kobus - Kobus magnolia,,unmapped (accepted),ITIS TSN 895295,accepted taxon absent from the corpus; the build mints it
Juniperus chinensis 'Blue Point' - 'Blue Point' Chinese juniper,Juniperus chinensis,R2/R3 rank within species,ICN Art. 4 (infraspecific); ICNCP 9th ed. Art. 2.1 (cultivar),a variety/form/cultivar is a member of its species
Pyrus calleryana 'Jack Pear' - 'Jack Pear' Callery pear,Pyrus calleryana,R2/R3 rank within species,ICN Art. 4 (infraspecific); ICNCP 9th ed. Art. 2.1 (cultivar),a variety/form/cultivar is a member of its species
Magnolia x. soulangiana 'Rustica Rubra' - 'Rustica Rubra' Saucer magnolia,Magnolia soulangiana,R1+R2/R3,ICN Art. H.3A.1 + Art. 4 / ICNCP Art. 2.1,"hybrid notation stripped, then reduced to the species"
Prunus armeniaca - Apricot,Prunus armeniaca,R0 exact,-,already a corpus name
Prunus subhirtella 'Pendula' - 'Pendula' Higan cherry,Prunus subhirtella 'Pendula',R0 exact,-,already a corpus name
Ulmus parvifolia 'Dynasty' - 'Dynasty' Chinese elm,Ulmus parvifolia,R2/R3 rank within species,ICN Art. 4 (infraspecific); ICNCP 9th ed. Art. 2.1 (cultivar),a variety/form/cultivar is a member of its species
Prunus serrulata 'Shirotae' - 'Shirotae' Flowering cherry,Prunus serrulata 'Shirotae',R0 exact,-,already a corpus name
Picea omorika - Serbian spruce,,unmapped (accepted),ITIS TSN 822549,accepted taxon absent from the corpus; the build mints it
Cornus mas 'Spring Sun' - 'Spring Sun' Cornelian cherry dogwood,,unmapped (not_found),ITIS: no exact match,"cultivar, not indexed by ITIS"
Heptacodium miconioides - seven-son flower,,unmapped (not_found),ITIS: no exact match,"cultivar, not indexed by ITIS"
Fagus sylvatica 'Asplenifolia' - 'Asplenifolia' European beech,Fagus sylvatica,R2/R3 rank within species,ICN Art. 4 (infraspecific); ICNCP 9th ed. Art. 2.1 (cultivar),a variety/form/cultivar is a member of its species
Acer rubrum 'Bowhall' - 'Bowhall' Red maple,Acer rubrum,R2/R3 rank within species,ICN Art. 4 (infraspecific); ICNCP 9th ed. Art. 2.1 (cultivar),a variety/form/cultivar is a member of its species
Quercus x sargentii - Sargent oak,,unmapped (accepted),ITIS TSN 19413,accepted taxon absent from the corpus; the build mints it
Vitex agnus-castus - lilac chastetree,,unmapped (accepted),ITIS TSN 32221,accepted taxon absent from the corpus; the build mints it
Pyrus fauriei 'Korean Sun' - 'Korean Sun' Pear,,unmapped (not_found),ITIS: no exact match,"cultivar, not indexed by ITIS"
Acer saccharum 'Fall Fiesta' - 'Fall Fiesta' Sugar maple,Acer saccharum,R2/R3 rank within species,ICN Art. 4 (infraspecific); ICNCP 9th ed. Art. 2.1 (cultivar),a variety/form/cultivar is a member of its species
Aesculus octandra - Yellow buckeye,,unmapped (synonym),ITIS TSN 28725,Aesculus flava
Amelanchier x intermedia - serviceberry,,unmapped (synonym),ITIS TSN 25115,Amelanchier intermedia
Ginkgo biloba 'Presidential Gold' - 'Presidential Gold' Ginkgo,Ginkgo biloba,R2/R3 rank within species,ICN Art. 4 (infraspecific); ICNCP 9th ed. Art. 2.1 (cultivar),a variety/form/cultivar is a member of its species
Magnolia 'Butterflies' - 'Butterflies' Magnolia,Magnolia,R2/R3 rank within species,ICN Art. 4 (infraspecific); ICNCP 9th ed. Art. 2.1 (cultivar),a variety/form/cultivar is a member of its species
Pinus heldreichii - Bosnian Pine,,unmapped (accepted),ITIS TSN 822688,accepted taxon absent from the corpus; the build mints it
Robinia pseudoacacia 'Purple Robe' - 'Purple Robe' Black locust,Robinia pseudoacacia,R2/R3 rank within species,ICN Art. 4 (infraspecific); ICNCP 9th ed. Art. 2.1 (cultivar),a variety/form/cultivar is a member of its species
Abies fraseri - Fraser fir,,unmapped (accepted),ITIS TSN 181829,accepted taxon absent from the corpus; the build mints it
Taxodium distichum 'Skyward' - 'Skyward' Bald cypress,,unmapped (not_found),ITIS: no exact match,"cultivar, not indexed by ITIS"
Aralia spinosa - devil's walkingstick,,unmapped (accepted),ITIS TSN 29378,accepted taxon absent from the corpus; the build mints it
Tilia tomentosa 'Satin Shadow' - 'Satin Shadow' Silver linden,Tilia tomentosa,R2/R3 rank within species,ICN Art. 4 (infraspecific); ICNCP 9th ed. Art. 2.1 (cultivar),a variety/form/cultivar is a member of its species
Prunus cerasifera 'Mount St. Helens' - 'Mount St. Helens' Cherry plum,Prunus cerasifera,R2/R3 rank within species,ICN Art. 4 (infraspecific); ICNCP 9th ed. Art. 2.1 (cultivar),a variety/form/cultivar is a member of its species
Prunus cistena 'Schmidt's' - 'Schmidt's' Purple-leaf sand cherry,,unmapped (not_found),ITIS: no exact match,"cultivar, not indexed by ITIS"
Carpinus caroliniana 'Native Flame' - 'Native Flame' American hornbeam,,unmapped (not_found),ITIS: no exact match,"cultivar, not indexed by ITIS"
Magnolia 'Jane' - 'Jane' Magnolia,Magnolia,R2/R3 rank within species,ICN Art. 4 (infraspecific); ICNCP 9th ed. Art. 2.1 (cultivar),a variety/form/cultivar is a member of its species
Quercus laevis - turkey oak,,unmapped (accepted),ITIS TSN 19367,accepted taxon absent from the corpus; the build mints it
Aesculus parviflora - bottlebrush buckeye,,unmapped (accepted),ITIS TSN 28722,accepted taxon absent from the corpus; the build mints it
Lagerstroemia indica 'Tuskogee' - 'Tuskogee' Crapemyrtle,Lagerstroemia indica,R2/R3 rank within species,ICN Art. 4 (infraspecific); ICNCP 9th ed. Art. 2.1 (cultivar),a variety/form/cultivar is a member of its species
Magnolia tripetala - umbrella-tree,,unmapped (accepted),ITIS TSN 18077,accepted taxon absent from the corpus; the build mints it
Quercus marilandica - blackjack oak,,unmapped (accepted),ITIS TSN 19374,accepted taxon absent from the corpus; the build mints it
Quercus ilex - holly oak,Quercus ilex,R0 exact,-,already a corpus name
Juniperus chinensis 'Keteleeri' - 'Keteleeri' Chinese juniper,Juniperus chinensis,R2/R3 rank within species,ICN Art. 4 (infraspecific); ICNCP 9th ed. Art. 2.1 (cultivar),a variety/form/cultivar is a member of its species
Aesculus x hybrida - buckeye,,unmapped (accepted),ITIS TSN 182122,accepted taxon absent from the corpus; the build mints it
Nyssa sylvatica 'Forum' - 'Forum' Balck gum,Nyssa sylvatica,R2/R3 rank within species,ICN Art. 4 (infraspecific); ICNCP 9th ed. Art. 2.1 (cultivar),a variety/form/cultivar is a member of its species
Pinus wallichiana - Bhutan pine,,unmapped (accepted),ITIS TSN 822579,accepted taxon absent from the corpus; the build mints it
Malus domestica - Common Apple,,unmapped (accepted),ITIS TSN 516655,accepted taxon absent from the corpus; the build mints it
Acer tataricum 'Pattern Perfect' - 'Pattern Perfect' Tatarian maple,,unmapped (not_found),ITIS: no exact match,"cultivar, not indexed by ITIS"
Hamamalis 'Helene' - 'Helene' Witch hazel,,unmapped (not_found),ITIS: no exact match,"cultivar, not indexed by ITIS"
Acer x freemanii 'Scarsen' - 'Scarsen' Freeman maple,Acer x freemanii,R2/R3 rank within species,ICN Art. 4 (infraspecific); ICNCP 9th ed. Art. 2.1 (cultivar),a variety/form/cultivar is a member of its species
Prunus avium - Sweet Cherry,Prunus avium,R0 exact,-,already a corpus name
Tilia x euchlora 'Laurelhurst' - 'Laurelhurst' Crimean linden,,unmapped (not_found),ITIS: no exact match,"cultivar, not indexed by ITIS"
Fraxinus pennsylvanica 'Patmore' - 'Patmore' Green ash,,unmapped (not_found),ITIS: no exact match,"cultivar, not indexed by ITIS"
Laburnum x watereri - golden chain tree,,unmapped (accepted),ITIS TSN 819766,accepted taxon absent from the corpus; the build mints it
Zelkova serrata 'Variegata' - 'Variegata' Zelkova,Zelkova serrata,R2/R3 rank within species,ICN Art. 4 (infraspecific); ICNCP 9th ed. Art. 2.1 (cultivar),a variety/form/cultivar is a member of its species
Taxodium ascedens 'Nutans' - 'Nutans' Bald cypress,,unmapped (not_found),ITIS: no exact match,"cultivar, not indexed by ITIS"
Ginkgo biloba 'Golden Collonade' - 'Golden Collonade' Ginkgo,Ginkgo biloba,R2/R3 rank within species,ICN Art. 4 (infraspecific); ICNCP 9th ed. Art. 2.1 (cultivar),a variety/form/cultivar is a member of its species
Tilia americana 'Frontyard' - 'Frontyard' American linden,Tilia americana,R2/R3 rank within species,ICN Art. 4 (infraspecific); ICNCP 9th ed. Art. 2.1 (cultivar),a variety/form/cultivar is a member of its species
Maackia amurensis 'MaacNificent' - 'MaacNificent' Amur Maackia,Maackia amurensis,R2/R3 rank within species,ICN Art. 4 (infraspecific); ICNCP 9th ed. Art. 2.1 (cultivar),a variety/form/cultivar is a member of its species
Picea pungens 'Fat Albert' - 'Fat Albert' Colorado blue spruce,Picea pungens,R2/R3 rank within species,ICN Art. 4 (infraspecific); ICNCP 9th ed. Art. 2.1 (cultivar),a variety/form/cultivar is a member of its species
Magnolia macrophylla - bigleaf magnolia,,unmapped (accepted),ITIS TSN 18075,accepted taxon absent from the corpus; the build mints it
Prunus fruticosa 'Globosa' - 'Globosa' European dwarf cherry,,unmapped (not_found),ITIS: no exact match,"cultivar, not indexed by ITIS"
Amelanchier alnifolia - Saskatoon serviceberry,,unmapped (accepted),ITIS TSN 25109,accepted taxon absent from the corpus; the build mints it
Fagus sylvatica 'Purple Fountain' - 'Purple Fountain' European beech,Fagus sylvatica,R2/R3 rank within species,ICN Art. 4 (infraspecific); ICNCP 9th ed. Art. 2.1 (cultivar),a variety/form/cultivar is a member of its species
Tilia x europaea 'Pallida' - 'Pallida' Common linden,,unmapped (not_found),ITIS: no exact match,"cultivar, not indexed by ITIS"
Amelanchier lamarkii - Serviceberry,,unmapped (not_found),ITIS: no exact match,"cultivar, not indexed by ITIS"
Tilia cordata 'Shamrock' - 'Shamrock' Littleleaf linden,Tilia cordata,R2/R3 rank within species,ICN Art. 4 (infraspecific); ICNCP 9th ed. Art. 2.1 (cultivar),a variety/form/cultivar is a member of its species
Cladrastis kentukea 'Sweetshade' - 'Sweetshade' American yellowwood,,unmapped (not_found),ITIS: no exact match,"cultivar, not indexed by ITIS"
Acer pseudoplatanus 'Atropurpureum' - 'Atropurpureum' Sycamore maple,Acer pseudoplatanus,R2/R3 rank within species,ICN Art. 4 (infraspecific); ICNCP 9th ed. Art. 2.1 (cultivar),a variety/form/cultivar is a member of its species
Syringa pekinensis 'Great Wall' - 'Great Wall' Peking lilac,,unmapped (not_found),ITIS: no exact match,"cultivar, not indexed by ITIS"
Carya laciniosa - shellbark hickory,,unmapped (accepted),ITIS TSN 19235,accepted taxon absent from the corpus; the build mints it
Pinus ponderosa - ponderosa pine,,unmapped (accepted),ITIS TSN 183365,accepted taxon absent from the corpus; the build mints it
Acer pensylvanicum - striped maple,,unmapped (accepted),ITIS TSN 28754,accepted taxon absent from the corpus; the build mints it
Maackia amurensis 'Starburst' - 'Starburst' Amur Maackia,Maackia amurensis,R2/R3 rank within species,ICN Art. 4 (infraspecific); ICNCP 9th ed. Art. 2.1 (cultivar),a variety/form/cultivar is a member of its species
Liriodendron tulipifera 'Arnold' - 'Arnold' Tulip poplar,Liriodendron tulipifera,R2/R3 rank within species,ICN Art. 4 (infraspecific); ICNCP 9th ed. Art. 2.1 (cultivar),a variety/form/cultivar is a member of its species
Ulmus 'Pioneer' - 'Pioneer' Elm,Ulmus,R2/R3 rank within species,ICN Art. 4 (infraspecific); ICNCP 9th ed. Art. 2.1 (cultivar),a variety/form/cultivar is a member of its species
Cornus mas 'Redstone' - 'Redstone' Cornelian cherry,,unmapped (not_found),ITIS: no exact match,"cultivar, not indexed by ITIS"
Celtis laevigata - sugarberry,,unmapped (accepted),ITIS TSN 19042,accepted taxon absent from the corpus; the build mints it
Prunus serrula - Tibetan cherry,,unmapped (not_found),ITIS: no exact match,"cultivar, not indexed by ITIS"
Betula nigra 'Cully' - 'Cully' river birch,Betula nigra,R2/R3 rank within species,ICN Art. 4 (infraspecific); ICNCP 9th ed. Art. 2.1 (cultivar),a variety/form/cultivar is a member of its species
Acer truncatum 'Norwegian Sunset' - 'Norwegian Sunset' Shangtung maple,,unmapped (not_found),ITIS: no exact match,"cultivar, not indexed by ITIS"
Tilia tomentosa 'Szeleste' - 'Szeleste' Silver linden,Tilia tomentosa,R2/R3 rank within species,ICN Art. 4 (infraspecific); ICNCP 9th ed. Art. 2.1 (cultivar),a variety/form/cultivar is a member of its species
Quercus macrocarpa 'Urban Pinnacle' - 'Urban Pinnacle' bur oak,Quercus macrocarpa,R2/R3 rank within species,ICN Art. 4 (infraspecific); ICNCP 9th ed. Art. 2.1 (cultivar),a variety/form/cultivar is a member of its species
Quercus phellos 'Upperton' - 'Upperton' Willow oak,,unmapped (not_found),ITIS: no exact match,"cultivar, not indexed by ITIS"
Cornus x rutban 'Aurora' - 'Aurora' Dogwood,,unmapped (not_found),ITIS: no exact match,"cultivar, not indexed by ITIS"
Sorbus alnifolia - Korean mountain ash,,unmapped (accepted),ITIS TSN 836432,accepted taxon absent from the corpus; the build mints it
Cryptomeria japonica 'Angelica' - 'Angelica' Japanese cedar,Cryptomeria japonica,R2/R3 rank within species,ICN Art. 4 (infraspecific); ICNCP 9th ed. Art. 2.1 (cultivar),a variety/form/cultivar is a member of its species
Ulmus parvifolia 'Bosque' - 'Bosque' Chinese elm,Ulmus parvifolia,R2/R3 rank within species,ICN Art. 4 (infraspecific); ICNCP 9th ed. Art. 2.1 (cultivar),a variety/form/cultivar is a member of its species
Acer rubrum 'New World' - 'New World' Red maple,Acer rubrum,R2/R3 rank within species,ICN Art. 4 (infraspecific); ICNCP 9th ed. Art. 2.1 (cultivar),a variety/form/cultivar is a member of its species
Hamamelis x intermedia 'Diane' - 'Diane' Witch hazel,,unmapped (not_found),ITIS: no exact match,"cultivar, not indexed by ITIS"
Pyrus calleryana 'Holmford' - 'Holmford' Callery pear,Pyrus calleryana,R2/R3 rank within species,ICN Art. 4 (infraspecific); ICNCP 9th ed. Art. 2.1 (cultivar),a variety/form/cultivar is a member of its species
Thuja occidentalis 'George Peabody' - 'George Peabody' Arborvitae,,unmapped (not_found),ITIS: no exact match,"cultivar, not indexed by ITIS"
Eucommia ulmoides 'Emerald Pointe' - 'Emerald Pointe' Hardy rubber tree,,unmapped (not_found),ITIS: no exact match,"cultivar, not indexed by ITIS"
Cornus x rutgan 'Stellar Pink' - 'Stellar Pink' Dogwood,,unmapped (not_found),ITIS: no exact match,"cultivar, not indexed by ITIS"
Cornus kousa 'Radiant Rose' - 'Radiant Rose' Dogwood,,unmapped (not_found),ITIS: no exact match,"cultivar, not indexed by ITIS"
Prunus x yedoensis 'Cascade Snow' - 'Cascade Snow' Yoshino cherry,Prunus x yedoensis,R2/R3 rank within species,ICN Art. 4 (infraspecific); ICNCP 9th ed. Art. 2.1 (cultivar),a variety/form/cultivar is a member of its species
Fagus sylvatica 'Dawyckii Purple' - 'Dawyckii Purple' European beech,Fagus sylvatica,R2/R3 rank within species,ICN Art. 4 (infraspecific); ICNCP 9th ed. Art. 2.1 (cultivar),a variety/form/cultivar is a member of its species
Pinus flexilis 'Vanderwolf' - 'Vanderwolf' Limber pine,,unmapped (not_found),ITIS: no exact match,"cultivar, not indexed by ITIS"
Corylus avellana - common filbert,,unmapped (accepted),ITIS TSN 501642,accepted taxon absent from the corpus; the build mints it
Prunus domestica - Domestic Plum,Prunus domestica,R0 exact,-,already a corpus name
Pyrus pyrifolia - Asian Pear,,unmapped (accepted),ITIS TSN 25296,accepted taxon absent from the corpus; the build mints it
Cotinus 'Grace' - 'Grace' Smoketree,,unmapped (not_found),ITIS: no exact match,"cultivar, not indexed by ITIS"
Malus x zumi var. calocarpa - Redbud crabapple,,unmapped (synonym),ITIS TSN 837681,Malus X zumi
Prunus 'Dreamcatcher' - 'Dreamcatcher' Cherry,Prunus,R2/R3 rank within species,ICN Art. 4 (infraspecific); ICNCP 9th ed. Art. 2.1 (cultivar),a variety/form/cultivar is a member of its species
Camellia sinensis - tea,,unmapped (accepted),ITIS TSN 506801,accepted taxon absent from the corpus; the build mints it
Salix x pendulina - Wisconsin Weeping Willow,,unmapped (accepted),ITIS TSN 507155,accepted taxon absent from the corpus; the build mints it
Acer tataricum 'Rugged Charm' - 'Rugged Charm' Tatarian maple,,unmapped (not_found),ITIS: no exact match,"cultivar, not indexed by ITIS"
Acer glabrum - Rocky Mountain maple,,unmapped (accepted),ITIS TSN 28742,accepted taxon absent from the corpus; the build mints it
Tilia cordata 'Prestige' - 'Prestige' Littleleaf linden,Tilia cordata,R2/R3 rank within species,ICN Art. 4 (infraspecific); ICNCP 9th ed. Art. 2.1 (cultivar),a variety/form/cultivar is a member of its species
Koelreuteria paniculata 'Summerburst' - 'Summerburst'Goldenraintree,Koelreuteria paniculata,R2/R3 rank within species,ICN Art. 4 (infraspecific); ICNCP 9th ed. Art. 2.1 (cultivar),a variety/form/cultivar is a member of its species
Quercus nigra - water oak,,unmapped (accepted),ITIS TSN 19280,accepted taxon absent from the corpus; the build mints it
Pinus mugo - Mountain Pine,,unmapped (accepted),ITIS TSN 183358,accepted taxon absent from the corpus; the build mints it
Crataegus 'Lavellus' - 'Lavellus' Hawthorn,,unmapped (not_found),ITIS: no exact match,"cultivar, not indexed by ITIS"
Ginkgo biloba 'Fastigiate' - 'Fastigiate' Ginkgo,Ginkgo biloba,R2/R3 rank within species,ICN Art. 4 (infraspecific); ICNCP 9th ed. Art. 2.1 (cultivar),a variety/form/cultivar is a member of its species
Sorbus aucuparia - European mountain ash,,unmapped (accepted),ITIS TSN 25320,accepted taxon absent from the corpus; the build mints it
Corylus cornuta - beaked hazelnut,,unmapped (accepted),ITIS TSN 19507,accepted taxon absent from the corpus; the build mints it
Juglans regia - English walnut,Juglans regia,R0 exact,-,already a corpus name
Zelkova serrata 'Kiwi Sunset' - 'Kiwi Sunset' Zelkova,Zelkova serrata,R2/R3 rank within species,ICN Art. 4 (infraspecific); ICNCP 9th ed. Art. 2.1 (cultivar),a variety/form/cultivar is a member of its species
Cercis canadensis 'Columbus' - 'Columbus' Eastern redbud,Cercis canadensis,R2/R3 rank within species,ICN Art. 4 (infraspecific); ICNCP 9th ed. Art. 2.1 (cultivar),a variety/form/cultivar is a member of its species
Crataegus 'Crimson Cloud' - 'Crimson Cloud' Hawthorn,,unmapped (not_found),ITIS: no exact match,"cultivar, not indexed by ITIS"
Cornus florida 'Cherokee Princess' - 'Cherokee Princess' Flowering dogwood,Cornus florida,R2/R3 rank within species,ICN Art. 4 (infraspecific); ICNCP 9th ed. Art. 2.1 (cultivar),a variety/form/cultivar is a member of its species
Liquidambar styraciflua 'Grandmaster' - 'Grandmaster' Sweetgum,Liquidambar styraciflua,R2/R3 rank within species,ICN Art. 4 (infraspecific); ICNCP 9th ed. Art. 2.1 (cultivar),a variety/form/cultivar is a member of its species
Pyrus calleryana 'Cleveland Select' - 'Cleveland Select' Callery pear,Pyrus calleryana,R2/R3 rank within species,ICN Art. 4 (infraspecific); ICNCP 9th ed. Art. 2.1 (cultivar),a variety/form/cultivar is a member of its species
Sorbus americana - American mountain ash,,unmapped (accepted),ITIS TSN 25319,accepted taxon absent from the corpus; the build mints it
Lagerstroemia indica 'Sarah's Favorite' - 'Sarah's Favorite' Crapemyrtle,,unmapped (not_found),ITIS: no exact match,"cultivar, not indexed by ITIS"
Prunus 'Snow Goose x Copper Graft' - 'Snow Goose x Copper Graft' Cherry,Prunus,R2/R3 rank within species,ICN Art. 4 (infraspecific); ICNCP 9th ed. Art. 2.1 (cultivar),a variety/form/cultivar is a member of its species
Syringa meyeri 'Palibin' - 'Palibin' Korean lilac,,unmapped (not_found),ITIS: no exact match,"cultivar, not indexed by ITIS"
Cedrus deodora - Himalayan cedar,Cedrus deodora,R0 exact,-,already a corpus name
Fagus sylvatica 'Dawyck' - 'Dawyck' European beech,Fagus sylvatica,R2/R3 rank within species,ICN Art. 4 (infraspecific); ICNCP 9th ed. Art. 2.1 (cultivar),a variety/form/cultivar is a member of its species
Sorbus hybrida - oakleaf mountain ash,,unmapped (accepted),ITIS TSN 505297,accepted taxon absent from the corpus; the build mints it
Ilex x meserveae 'Blue Maid' - 'Blue Maid' Meserve holly,,unmapped (not_found),ITIS: no exact match,"cultivar, not indexed by ITIS"
Chamaecyparis nootkanensis - Nootka falsecypress,,unmapped (not_found),ITIS: no exact match,"cultivar, not indexed by ITIS"
Prunus 'Holly Jolivette' - 'Holly Jolivette' Cherry,Prunus,R2/R3 rank within species,ICN Art. 4 (infraspecific); ICNCP 9th ed. Art. 2.1 (cultivar),a variety/form/cultivar is a member of its species
Pinus strobus 'Fastigiata' - 'Fastigiata' Eastern white pine,Pinus strobus,R2/R3 rank within species,ICN Art. 4 (infraspecific); ICNCP 9th ed. Art. 2.1 (cultivar),a variety/form/cultivar is a member of its species
Carpinus betulus 'Lucas' - 'Lucas' European hornbeam,Carpinus betulus,R2/R3 rank within species,ICN Art. 4 (infraspecific); ICNCP 9th ed. Art. 2.1 (cultivar),a variety/form/cultivar is a member of its species
Halesia carolina 'Arnold Pink' - 'Arnold Pink' Carolina silverbell tree,,unmapped (not_found),ITIS: no exact match,"cultivar, not indexed by ITIS"
Phellodendron amurense 'Eye Stopper' - 'Eye Stopper' Amur cork tree,,unmapped (not_found),ITIS: no exact match,"cultivar, not indexed by ITIS"
Ilex x meserveae 'Blue Princess' - 'Blue Princess' Meserve holly,,unmapped (not_found),ITIS: no exact match,"cultivar, not indexed by ITIS"
Carpinus betulus 'Franz Fontaine' - 'Franz Fontaine' European hornbeam,Carpinus betulus,R2/R3 rank within species,ICN Art. 4 (infraspecific); ICNCP 9th ed. Art. 2.1 (cultivar),a variety/form/cultivar is a member of its species
Pyrus calleryana 'Stone Hill' - 'Stone Hill' Callery pear,Pyrus calleryana,R2/R3 rank within species,ICN Art. 4 (infraspecific); ICNCP 9th ed. Art. 2.1 (cultivar),a variety/form/cultivar is a member of its species
Cercis canadensis 'Crosswicks Red' - 'Crosswicks Red' Eastern redbud,Cercis canadensis,R2/R3 rank within species,ICN Art. 4 (infraspecific); ICNCP 9th ed. Art. 2.1 (cultivar),a variety/form/cultivar is a member of its species
Acer tataricum 'Flame' - 'Flame' Tatarian maple,,unmapped (not_found),ITIS: no exact match,"cultivar, not indexed by ITIS"
Acer saccharum 'Autumn Splendor' - 'Autumn Splendor' Sugar maple,Acer saccharum,R2/R3 rank within species,ICN Art. 4 (infraspecific); ICNCP 9th ed. Art. 2.1 (cultivar),a variety/form/cultivar is a member of its species
Pseudolarix amabilis - Golden Larch,,unmapped (accepted),ITIS TSN 822567,accepted taxon absent from the corpus; the build mints it
Edgeworthia chrysantha - Oriental paperbush,,unmapped (accepted),ITIS TSN 512730,accepted taxon absent from the corpus; the build mints it
Amelanchier laevis 'Spring Flurry' - 'Spring Flurry' Allegheny serviceberry,,unmapped (not_found),ITIS: no exact match,"cultivar, not indexed by ITIS"
Camellia japonica - camellia,,unmapped (accepted),ITIS TSN 506117,accepted taxon absent from the corpus; the build mints it
Prunus cerasus - Sour Cherry,,unmapped (accepted),ITIS TSN 24773,accepted taxon absent from the corpus; the build mints it
Larix kaempferi - Japanese larch,,unmapped (accepted),ITIS TSN 506606,accepted taxon absent from the corpus; the build mints it
Tamarix chinensis - five-stamen tamarisk,,unmapped (accepted),ITIS TSN 22308,accepted taxon absent from the corpus; the build mints it
Quercus garryana - Oregon white oak,,unmapped (accepted),ITIS TSN 19340,accepted taxon absent from the corpus; the build mints it
Pinus cembra - Swiss stone pine,,unmapped (accepted),ITIS TSN 506605,accepted taxon absent from the corpus; the build mints it
Catalpa ovata - Chinese catalpa,,unmapped (accepted),ITIS TSN 34314,accepted taxon absent from the corpus; the build mints it
Malus 'Lolipop' - 'Lolipop' Crabapple,Malus,R2/R3 rank within species,ICN Art. 4 (infraspecific); ICNCP 9th ed. Art. 2.1 (cultivar),a variety/form/cultivar is a member of its species
Prunus padus 'Summer Glow' - 'Summer Glow' European bird cherry,,unmapped (not_found),ITIS: no exact match,"cultivar, not indexed by ITIS"
Tilia cordata 'Unizam' - 'Unizam' Littleleaf linden,Tilia cordata,R2/R3 rank within species,ICN Art. 4 (infraspecific); ICNCP 9th ed. Art. 2.1 (cultivar),a variety/form/cultivar is a member of its species
Quercus robur 'Skyrocket' - 'Skyrocket' English oak,Quercus robur,R2/R3 rank within species,ICN Art. 4 (infraspecific); ICNCP 9th ed. Art. 2.1 (cultivar),a variety/form/cultivar is a member of its species
Malus 'Profusion' - 'Profusion' Crabapple,Malus,R2/R3 rank within species,ICN Art. 4 (infraspecific); ICNCP 9th ed. Art. 2.1 (cultivar),a variety/form/cultivar is a member of its species
Halesia tetraptera var. monticola - Mountain silverbell,,unmapped (synonym),ITIS TSN 528316,Halesia carolina
Thuja occidentalis 'Hetz Wintergreen' - 'Hetz Wintergreen' Arborvitae,,unmapped (not_found),ITIS: no exact match,"cultivar, not indexed by ITIS"
Pyrus calleryana 'Silver Ball' - 'Silver Ball' Callery pear,Pyrus calleryana,R2/R3 rank within species,ICN Art. 4 (infraspecific); ICNCP 9th ed. Art. 2.1 (cultivar),a variety/form/cultivar is a member of its species
Malus 'Lancelot' - 'Lancelot' Crabapple,Malus,R2/R3 rank within species,ICN Art. 4 (infraspecific); ICNCP 9th ed. Art. 2.1 (cultivar),a variety/form/cultivar is a member of its species
Malus 'Pink Spire' - 'Pink Spire' Crabapple,Malus,R2/R3 rank within species,ICN Art. 4 (infraspecific); ICNCP 9th ed. Art. 2.1 (cultivar),a variety/form/cultivar is a member of its species
Cornus florida 'Cherokee Sunset' - 'Cherokee Sunset' Flowering dogwood,Cornus florida,R2/R3 rank within species,ICN Art. 4 (infraspecific); ICNCP 9th ed. Art. 2.1 (cultivar),a variety/form/cultivar is a member of its species
Cornus florida 'Appalachian Spring' - 'Appalachian Spring' Flowering dogwood,Cornus florida,R2/R3 rank within species,ICN Art. 4 (infraspecific); ICNCP 9th ed. Art. 2.1 (cultivar),a variety/form/cultivar is a member of its species
Cornus kousa 'Summer Stars' - 'Summer Stars' Dogwood,,unmapped (not_found),ITIS: no exact match,"cultivar, not indexed by ITIS"
Pinus taeda - loblolly pine,,unmapped (accepted),ITIS TSN 18037,accepted taxon absent from the corpus; the build mints it
Magnolia 'Elizabeth' - 'Elizabeth' Magnolia,Magnolia,R2/R3 rank within species,ICN Art. 4 (infraspecific); ICNCP 9th ed. Art. 2.1 (cultivar),a variety/form/cultivar is a member of its species
Halesia carolina 'Jersey Belle' - 'Jersey Belle' Carolina silverbell tree,,unmapped (not_found),ITIS: no exact match,"cultivar, not indexed by ITIS"
Sorbus aucuparia 'Cardinal Royal' - 'Cardinal Royal' Mountain ash,,unmapped (not_found),ITIS: no exact match,"cultivar, not indexed by ITIS"
Fagus sylvatica f. purpurea - Copper beech,Fagus sylvatica,R2/R3 rank within species,ICN Art. 4 (infraspecific); ICNCP 9th ed. Art. 2.1 (cultivar),a variety/form/cultivar is a member of its species
Malus 'Dolgo' - 'Dolgo' Crabapple,Malus,R2/R3 rank within species,ICN Art. 4 (infraspecific); ICNCP 9th ed. Art. 2.1 (cultivar),a variety/form/cultivar is a member of its species
Quercus x comptoniae - Compton oak,,unmapped (accepted),ITIS TSN 19315,accepted taxon absent from the corpus; the build mints it
Chaenomeles speciosa - Flowering quince,,unmapped (accepted),ITIS TSN 508022,accepted taxon absent from the corpus; the build mints it
Cercis canadensis 'Hearts of Gold' - 'Hearts of Gold' Eastern redbud,Cercis canadensis,R2/R3 rank within species,ICN Art. 4 (infraspecific); ICNCP 9th ed. Art. 2.1 (cultivar),a variety/form/cultivar is a member of its species
Myrica pensylvanica - Northern bayberry,,unmapped (synonym),ITIS TSN 19262,Morella pensylvanica
Aesculus pavia - Red buckeye,,unmapped (accepted),ITIS TSN 28723,accepted taxon absent from the corpus; the build mints it
Parrotia persica 'Vanessa' - 'Vanessa' Persian ironwood,Parrotia persica,R2/R3 rank within species,ICN Art. 4 (infraspecific); ICNCP 9th ed. Art. 2.1 (cultivar),a variety/form/cultivar is a member of its species
Salix alba 'Niobe' - 'Niobe' White willow,,unmapped (not_found),ITIS: no exact match,"cultivar, not indexed by ITIS"
Quercus dentata - Korean oak,,unmapped (accepted),ITIS TSN 845167,accepted taxon absent from the corpus; the build mints it
